sequence,tier,source_db,evidence_tier,cluster_40,lso_fold
AHK,Tier1,AnOxPePred,per_peptide_edta_type_assay,175,0.0
VHH,Tier1,AnOxPePred,per_peptide_edta_type_assay,176,1.0
VHHANEN,Tier1,AnOxPePred,per_peptide_edta_type_assay,177,0.0
VNPHDHQN,Tier1,AnOxPePred,per_peptide_edta_type_assay,178,0.0
LVNPHDHQN,Tier1,AnOxPePred,per_peptide_edta_type_assay,179,1.0
VIPAGYP,Tier1,AnOxPePred,per_peptide_edta_type_assay,180,1.0
LQSGDALRVPSGTTYY,Tier1,AnOxPePred,per_peptide_edta_type_assay,74,0.0
VKL,Tier1,AnOxPePred,per_peptide_edta_type_assay,181,1.0
VVKL,Tier1,AnOxPePred,per_peptide_edta_type_assay,182,1.0
VKV,Tier1,AnOxPePred,per_peptide_edta_type_assay,183,1.0
PKAV,Tier1,AnOxPePred,per_peptide_edta_type_assay,184,0.0
IKL,Tier1,AnOxPePred,per_peptide_edta_type_assay,185,0.0
VPSGK,Tier1,AnOxPePred,per_peptide_edta_type_assay,186,1.0
EAK,Tier1,AnOxPePred,per_peptide_edta_type_assay,187,0.0
FVAGK,Tier1,AnOxPePred,per_peptide_edta_type_assay,188,1.0
KAI,Tier1,AnOxPePred,per_peptide_edta_type_assay,189,0.0
KVI,Tier1,AnOxPePred,per_peptide_edta_type_assay,190,1.0
LQPGQGQQ,Tier1,AnOxPePred,per_peptide_edta_type_assay,191,0.0
YFYPEL,Tier1,AnOxPePred,per_peptide_edta_type_assay,192,0.0
FYPEL,Tier1,AnOxPePred,per_peptide_edta_type_assay,193,1.0
YPEL,Tier1,AnOxPePred,per_peptide_edta_type_assay,194,0.0
PEL,Tier1,AnOxPePred,per_peptide_edta_type_assay,195,0.0
LELHKLRSSHWFSRR,Tier1,AnOxPePred,per_peptide_edta_type_assay,85,0.0
PSHDAHPE,Tier1,AnOxPePred,per_peptide_edta_type_assay,196,1.0
SHDAHPE,Tier1,AnOxPePred,per_peptide_edta_type_assay,197,1.0
VDHDHPE,Tier1,AnOxPePred,per_peptide_edta_type_assay,198,1.0
PKAVHE,Tier1,AnOxPePred,per_peptide_edta_type_assay,199,1.0
PAGY,Tier1,AnOxPePred,per_peptide_edta_type_assay,200,1.0
PHHADS,Tier1,AnOxPePred,per_peptide_edta_type_assay,201,1.0
VDYP,Tier1,AnOxPePred,per_peptide_edta_type_assay,202,1.0
LQPGQGQQG,Tier1,AnOxPePred,per_peptide_edta_type_assay,203,1.0
AQIPQQ,Tier1,AnOxPePred,per_peptide_edta_type_assay,204,1.0
DSGVT,Tier1,AnOxPePred,per_peptide_edta_type_assay,205,0.0
IEAEGE,Tier1,AnOxPePred,per_peptide_edta_type_assay,206,0.0
DAQEKLE,Tier1,AnOxPePred,per_peptide_edta_type_assay,207,1.0
EELDNALN,Tier1,AnOxPePred,per_peptide_edta_type_assay,208,1.0
VPSIDDQEELM,Tier1,AnOxPePred,per_peptide_edta_type_assay,155,1.0
YAEERYPIL,Tier1,AnOxPePred,per_peptide_edta_type_assay,209,0.0
WYSLAMAASDI,Tier1,AnOxPePred,per_peptide_edta_type_assay,33,1.0
HLPLPL,Tier1,AnOxPePred,per_peptide_edta_type_assay,210,0.0
PPQ,Tier1,AnOxPePred,per_peptide_edta_type_assay,211,1.0
NQE,Tier1,AnOxPePred,per_peptide_edta_type_assay,212,0.0
AKYIPIQYVLSRYPSY,Tier1,AnOxPePred,per_peptide_edta_type_assay,75,0.0
IPIQYVL,Tier1,AnOxPePred,per_peptide_edta_type_assay,213,0.0
PPK,Tier1,AnOxPePred,per_peptide_edta_type_assay,214,1.0
FDSGPAGVL,Tier1,AnOxPePred,per_peptide_edta_type_assay,215,0.0
NGPLQAGQPGER,Tier1,AnOxPePred,per_peptide_edta_type_assay,126,1.0
HGPLGPL,Tier1,AnOxPePred,per_peptide_edta_type_assay,216,1.0
NADFGLNGLEGLA,Tier1,AnOxPePred,per_peptide_edta_type_assay,111,0.0
NGLEGLK,Tier1,AnOxPePred,per_peptide_edta_type_assay,217,0.0
HFGDPFH,Tier1,AnOxPePred,per_peptide_edta_type_assay,218,1.0
LGLNGDDVN,Tier1,AnOxPePred,per_peptide_edta_type_assay,219,1.0
VKAGFAWTANQQLS,Tier1,AnOxPePred,per_peptide_edta_type_assay,95,0.0
LVGDEQAVPAVCVP,Tier1,AnOxPePred,per_peptide_edta_type_assay,96,0.0
ESTVPERTHPACPDFN,Tier1,AnOxPePred,per_peptide_edta_type_assay,65,0.0
PSKYEPFV,Tier1,AnOxPePred,per_peptide_edta_type_assay,220,1.0
LKQELEDLLEKQE,Tier1,AnOxPePred,per_peptide_edta_type_assay,66,1.0
VECYG,Tier1,AnOxPePred,per_peptide_edta_type_assay,221,1.0
CYGPNR,Tier1,AnOxPePred,per_peptide_edta_type_assay,222,0.0
PNRPQF,Tier1,AnOxPePred,per_peptide_edta_type_assay,223,0.0
PLFQNKLAHAK,Tier1,AnOxPePred,per_peptide_edta_type_assay,5,1.0
AEAQKQLR,Tier1,AnOxPePred,per_peptide_edta_type_assay,224,1.0
LEELEEELEGCE,Tier1,AnOxPePred,per_peptide_edta_type_assay,17,1.0
LMCH,Tier1,AnOxPePred,per_peptide_edta_type_assay,225,1.0
PSYV,Tier1,AnOxPePred,per_peptide_edta_type_assay,226,1.0
LPTSEAAKY,Tier1,AnOxPePred,per_peptide_edta_type_assay,227,0.0
PMDYMVT,Tier1,AnOxPePred,per_peptide_edta_type_assay,228,1.0
FRDEHKK,Tier1,AnOxPePred,per_peptide_edta_type_assay,229,1.0
KHNRGDEF,Tier1,AnOxPePred,per_peptide_edta_type_assay,230,1.0
HPLH,Tier1,AnOxPePred,per_peptide_edta_type_assay,231,1.0
HHLP,Tier1,AnOxPePred,per_peptide_edta_type_assay,232,0.0
HLPH,Tier1,AnOxPePred,per_peptide_edta_type_assay,233,0.0
LLPH,Tier1,AnOxPePred,per_peptide_edta_type_assay,234,0.0
PLHH,Tier1,AnOxPePred,per_peptide_edta_type_assay,235,1.0
HPHL,Tier1,AnOxPePred,per_peptide_edta_type_assay,236,0.0
YLYP,Tier1,AnOxPePred,per_peptide_edta_type_assay,237,0.0
HPH,Tier1,AnOxPePred,per_peptide_edta_type_assay,238,0.0
LYPY,Tier1,AnOxPePred,per_peptide_edta_type_assay,239,0.0
LLHH,Tier1,AnOxPePred,per_peptide_edta_type_assay,240,1.0
LPYY,Tier1,AnOxPePred,per_peptide_edta_type_assay,241,1.0
HHPLL,Tier1,AnOxPePred,per_peptide_edta_type_assay,242,0.0
PYY,Tier1,AnOxPePred,per_peptide_edta_type_assay,243,1.0
HLHP,Tier1,AnOxPePred,per_peptide_edta_type_assay,244,0.0
LPHH,Tier1,AnOxPePred,per_peptide_edta_type_assay,245,0.0
HHPL,Tier1,AnOxPePred,per_peptide_edta_type_assay,246,1.0
LHPH,Tier1,AnOxPePred,per_peptide_edta_type_assay,247,0.0
HHP,Tier1,AnOxPePred,per_peptide_edta_type_assay,248,0.0
LLPHH,Tier1,AnOxPePred,per_peptide_edta_type_assay,249,0.0
HLH,Tier1,AnOxPePred,per_peptide_edta_type_assay,250,1.0
LLPHHH,Tier1,AnOxPePred,per_peptide_edta_type_assay,251,1.0
LHH,Tier1,AnOxPePred,per_peptide_edta_type_assay,252,1.0
PHH,Tier1,AnOxPePred,per_peptide_edta_type_assay,253,0.0
LHA,Tier1,AnOxPePred,per_peptide_edta_type_assay,254,1.0
LHD,Tier1,AnOxPePred,per_peptide_edta_type_assay,255,1.0
LHE,Tier1,AnOxPePred,per_peptide_edta_type_assay,256,0.0
LHF,Tier1,AnOxPePred,per_peptide_edta_type_assay,257,0.0
LHG,Tier1,AnOxPePred,per_peptide_edta_type_assay,258,0.0
LHI,Tier1,AnOxPePred,per_peptide_edta_type_assay,259,0.0
LHK,Tier1,AnOxPePred,per_peptide_edta_type_assay,260,0.0
LHL,Tier1,AnOxPePred,per_peptide_edta_type_assay,261,0.0
LHM,Tier1,AnOxPePred,per_peptide_edta_type_assay,262,0.0
LHN,Tier1,AnOxPePred,per_peptide_edta_type_assay,263,0.0
LHQ,Tier1,AnOxPePred,per_peptide_edta_type_assay,264,1.0
LHR,Tier1,AnOxPePred,per_peptide_edta_type_assay,265,1.0
LHS,Tier1,AnOxPePred,per_peptide_edta_type_assay,266,0.0
LHT,Tier1,AnOxPePred,per_peptide_edta_type_assay,267,0.0
LHV,Tier1,AnOxPePred,per_peptide_edta_type_assay,268,0.0
LHW,Tier1,AnOxPePred,per_peptide_edta_type_assay,269,0.0
LHY,Tier1,AnOxPePred,per_peptide_edta_type_assay,270,1.0
LWA,Tier1,AnOxPePred,per_peptide_edta_type_assay,271,0.0
LWD,Tier1,AnOxPePred,per_peptide_edta_type_assay,272,0.0
LWE,Tier1,AnOxPePred,per_peptide_edta_type_assay,273,0.0
LWF,Tier1,AnOxPePred,per_peptide_edta_type_assay,274,1.0
LWG,Tier1,AnOxPePred,per_peptide_edta_type_assay,275,0.0
LWH,Tier1,AnOxPePred,per_peptide_edta_type_assay,276,0.0
LWI,Tier1,AnOxPePred,per_peptide_edta_type_assay,277,1.0
LWK,Tier1,AnOxPePred,per_peptide_edta_type_assay,278,1.0
LWM,Tier1,AnOxPePred,per_peptide_edta_type_assay,279,1.0
LWN,Tier1,AnOxPePred,per_peptide_edta_type_assay,280,0.0
LWQ,Tier1,AnOxPePred,per_peptide_edta_type_assay,281,0.0
LWR,Tier1,AnOxPePred,per_peptide_edta_type_assay,282,1.0
LWS,Tier1,AnOxPePred,per_peptide_edta_type_assay,283,1.0
LWT,Tier1,AnOxPePred,per_peptide_edta_type_assay,284,0.0
LWV,Tier1,AnOxPePred,per_peptide_edta_type_assay,285,1.0
LWW,Tier1,AnOxPePred,per_peptide_edta_type_assay,286,0.0
LWY,Tier1,AnOxPePred,per_peptide_edta_type_assay,287,0.0
PHA,Tier1,AnOxPePred,per_peptide_edta_type_assay,288,1.0
PHD,Tier1,AnOxPePred,per_peptide_edta_type_assay,289,0.0
PHE,Tier1,AnOxPePred,per_peptide_edta_type_assay,290,0.0
PHF,Tier1,AnOxPePred,per_peptide_edta_type_assay,291,0.0
PHG,Tier1,AnOxPePred,per_peptide_edta_type_assay,292,0.0
PHI,Tier1,AnOxPePred,per_peptide_edta_type_assay,293,1.0
PHK,Tier1,AnOxPePred,per_peptide_edta_type_assay,294,1.0
PHL,Tier1,AnOxPePred,per_peptide_edta_type_assay,295,1.0
PHM,Tier1,AnOxPePred,per_peptide_edta_type_assay,296,1.0
PHN,Tier1,AnOxPePred,per_peptide_edta_type_assay,297,0.0
PHQ,Tier1,AnOxPePred,per_peptide_edta_type_assay,298,0.0
PHR,Tier1,AnOxPePred,per_peptide_edta_type_assay,299,0.0
PHS,Tier1,AnOxPePred,per_peptide_edta_type_assay,300,0.0
PHT,Tier1,AnOxPePred,per_peptide_edta_type_assay,301,1.0
PHV,Tier1,AnOxPePred,per_peptide_edta_type_assay,302,0.0
PHW,Tier1,AnOxPePred,per_peptide_edta_type_assay,303,0.0
PHY,Tier1,AnOxPePred,per_peptide_edta_type_assay,304,1.0
PWA,Tier1,AnOxPePred,per_peptide_edta_type_assay,305,1.0
PWD,Tier1,AnOxPePred,per_peptide_edta_type_assay,306,0.0
PWE,Tier1,AnOxPePred,per_peptide_edta_type_assay,307,0.0
PWF,Tier1,AnOxPePred,per_peptide_edta_type_assay,308,1.0
PWG,Tier1,AnOxPePred,per_peptide_edta_type_assay,309,0.0
PWH,Tier1,AnOxPePred,per_peptide_edta_type_assay,310,0.0
PWI,Tier1,AnOxPePred,per_peptide_edta_type_assay,311,0.0
PWL,Tier1,AnOxPePred,per_peptide_edta_type_assay,312,0.0
PWN,Tier1,AnOxPePred,per_peptide_edta_type_assay,313,1.0
PWQ,Tier1,AnOxPePred,per_peptide_edta_type_assay,314,0.0
PWR,Tier1,AnOxPePred,per_peptide_edta_type_assay,315,0.0
PWS,Tier1,AnOxPePred,per_peptide_edta_type_assay,316,1.0
PWT,Tier1,AnOxPePred,per_peptide_edta_type_assay,317,1.0
PWV,Tier1,AnOxPePred,per_peptide_edta_type_assay,318,0.0
PWW,Tier1,AnOxPePred,per_peptide_edta_type_assay,319,0.0
PWY,Tier1,AnOxPePred,per_peptide_edta_type_assay,320,1.0
RHA,Tier1,AnOxPePred,per_peptide_edta_type_assay,321,0.0
RHD,Tier1,AnOxPePred,per_peptide_edta_type_assay,322,1.0
RHE,Tier1,AnOxPePred,per_peptide_edta_type_assay,323,0.0
RHF,Tier1,AnOxPePred,per_peptide_edta_type_assay,324,0.0
RHG,Tier1,AnOxPePred,per_peptide_edta_type_assay,325,1.0
RHH,Tier1,AnOxPePred,per_peptide_edta_type_assay,326,1.0
RHI,Tier1,AnOxPePred,per_peptide_edta_type_assay,327,1.0
RHK,Tier1,AnOxPePred,per_peptide_edta_type_assay,328,1.0
RHL,Tier1,AnOxPePred,per_peptide_edta_type_assay,329,1.0
RHM,Tier1,AnOxPePred,per_peptide_edta_type_assay,330,0.0
RHN,Tier1,AnOxPePred,per_peptide_edta_type_assay,331,0.0
RHQ,Tier1,AnOxPePred,per_peptide_edta_type_assay,332,0.0
RNR,Tier1,AnOxPePred,per_peptide_edta_type_assay,333,0.0
RHS,Tier1,AnOxPePred,per_peptide_edta_type_assay,334,1.0
RHT,Tier1,AnOxPePred,per_peptide_edta_type_assay,335,0.0
RHV,Tier1,AnOxPePred,per_peptide_edta_type_assay,336,1.0
RHW,Tier1,AnOxPePred,per_peptide_edta_type_assay,337,0.0
RHY,Tier1,AnOxPePred,per_peptide_edta_type_assay,338,1.0
RWA,Tier1,AnOxPePred,per_peptide_edta_type_assay,339,0.0
RWE,Tier1,AnOxPePred,per_peptide_edta_type_assay,340,0.0
RWG,Tier1,AnOxPePred,per_peptide_edta_type_assay,341,1.0
RWH,Tier1,AnOxPePred,per_peptide_edta_type_assay,342,0.0
RWI,Tier1,AnOxPePred,per_peptide_edta_type_assay,343,1.0
RWL,Tier1,AnOxPePred,per_peptide_edta_type_assay,344,1.0
RWN,Tier1,AnOxPePred,per_peptide_edta_type_assay,345,1.0
RWR,Tier1,AnOxPePred,per_peptide_edta_type_assay,346,1.0
RWT,Tier1,AnOxPePred,per_peptide_edta_type_assay,347,1.0
RWW,Tier1,AnOxPePred,per_peptide_edta_type_assay,348,1.0
RWQ,Tier1,AnOxPePred,per_peptide_edta_type_assay,349,1.0
RWY,Tier1,AnOxPePred,per_peptide_edta_type_assay,350,1.0
HEH,Tier1,AnOxPePred,per_peptide_edta_type_assay,351,1.0
HDH,Tier1,AnOxPePred,per_peptide_edta_type_assay,352,1.0
AHH,Tier1,AnOxPePred,per_peptide_edta_type_assay,353,1.0
IHH,Tier1,AnOxPePred,per_peptide_edta_type_assay,354,0.0
FHH,Tier1,AnOxPePred,per_peptide_edta_type_assay,355,0.0
WHH,Tier1,AnOxPePred,per_peptide_edta_type_assay,356,1.0
YHH,Tier1,AnOxPePred,per_peptide_edta_type_assay,357,1.0
HYH,Tier1,AnOxPePred,per_peptide_edta_type_assay,358,1.0
HFH,Tier1,AnOxPePred,per_peptide_edta_type_assay,359,0.0
HWH,Tier1,AnOxPePred,per_peptide_edta_type_assay,360,0.0
HHF,Tier1,AnOxPePred,per_peptide_edta_type_assay,361,0.0
HHW,Tier1,AnOxPePred,per_peptide_edta_type_assay,362,0.0
HHY,Tier1,AnOxPePred,per_peptide_edta_type_assay,363,1.0
GHH,Tier1,AnOxPePred,per_peptide_edta_type_assay,364,0.0
NHH,Tier1,AnOxPePred,per_peptide_edta_type_assay,365,1.0
QHH,Tier1,AnOxPePred,per_peptide_edta_type_assay,366,1.0
MHH,Tier1,AnOxPePred,per_peptide_edta_type_assay,367,0.0
SHH,Tier1,AnOxPePred,per_peptide_edta_type_assay,368,0.0
THH,Tier1,AnOxPePred,per_peptide_edta_type_assay,369,0.0
DYY,Tier1,AnOxPePred,per_peptide_edta_type_assay,370,1.0
EYY,Tier1,AnOxPePred,per_peptide_edta_type_assay,371,1.0
YDY,Tier1,AnOxPePred,per_peptide_edta_type_assay,372,0.0
YEY,Tier1,AnOxPePred,per_peptide_edta_type_assay,373,0.0
YYD,Tier1,AnOxPePred,per_peptide_edta_type_assay,374,0.0
YYE,Tier1,AnOxPePred,per_peptide_edta_type_assay,375,1.0
HYY,Tier1,AnOxPePred,per_peptide_edta_type_assay,376,0.0
KYY,Tier1,AnOxPePred,per_peptide_edta_type_assay,377,1.0
RYY,Tier1,AnOxPePred,per_peptide_edta_type_assay,378,0.0
YHY,Tier1,AnOxPePred,per_peptide_edta_type_assay,379,1.0
YKY,Tier1,AnOxPePred,per_peptide_edta_type_assay,380,1.0
YRY,Tier1,AnOxPePred,per_peptide_edta_type_assay,381,1.0
YYR,Tier1,AnOxPePred,per_peptide_edta_type_assay,382,1.0
YYH,Tier1,AnOxPePred,per_peptide_edta_type_assay,383,0.0
YYK,Tier1,AnOxPePred,per_peptide_edta_type_assay,384,0.0
AYY,Tier1,AnOxPePred,per_peptide_edta_type_assay,385,1.0
IYY,Tier1,AnOxPePred,per_peptide_edta_type_assay,386,1.0
LYY,Tier1,AnOxPePred,per_peptide_edta_type_assay,387,0.0
VYY,Tier1,AnOxPePred,per_peptide_edta_type_assay,388,0.0
YAY,Tier1,AnOxPePred,per_peptide_edta_type_assay,389,1.0
YIY,Tier1,AnOxPePred,per_peptide_edta_type_assay,390,0.0
YLY,Tier1,AnOxPePred,per_peptide_edta_type_assay,391,1.0
YVY,Tier1,AnOxPePred,per_peptide_edta_type_assay,392,1.0
YYA,Tier1,AnOxPePred,per_peptide_edta_type_assay,393,0.0
YYI,Tier1,AnOxPePred,per_peptide_edta_type_assay,394,1.0
YYL,Tier1,AnOxPePred,per_peptide_edta_type_assay,395,1.0
YYV,Tier1,AnOxPePred,per_peptide_edta_type_assay,396,0.0
FYY,Tier1,AnOxPePred,per_peptide_edta_type_assay,397,1.0
WYY,Tier1,AnOxPePred,per_peptide_edta_type_assay,398,1.0
YYY,Tier1,AnOxPePred,per_peptide_edta_type_assay,399,1.0
YFY,Tier1,AnOxPePred,per_peptide_edta_type_assay,400,0.0
YWY,Tier1,AnOxPePred,per_peptide_edta_type_assay,401,1.0
YYF,Tier1,AnOxPePred,per_peptide_edta_type_assay,402,1.0
YYW,Tier1,AnOxPePred,per_peptide_edta_type_assay,403,1.0
GYY,Tier1,AnOxPePred,per_peptide_edta_type_assay,404,1.0
NYY,Tier1,AnOxPePred,per_peptide_edta_type_assay,405,0.0
QYY,Tier1,AnOxPePred,per_peptide_edta_type_assay,406,1.0
YGY,Tier1,AnOxPePred,per_peptide_edta_type_assay,407,1.0
YNY,Tier1,AnOxPePred,per_peptide_edta_type_assay,408,1.0
YQY,Tier1,AnOxPePred,per_peptide_edta_type_assay,409,1.0
YYG,Tier1,AnOxPePred,per_peptide_edta_type_assay,410,0.0
YYN,Tier1,AnOxPePred,per_peptide_edta_type_assay,411,0.0
YYQ,Tier1,AnOxPePred,per_peptide_edta_type_assay,412,1.0
MYY,Tier1,AnOxPePred,per_peptide_edta_type_assay,413,0.0
YMY,Tier1,AnOxPePred,per_peptide_edta_type_assay,414,0.0
YYM,Tier1,AnOxPePred,per_peptide_edta_type_assay,415,0.0
SYY,Tier1,AnOxPePred,per_peptide_edta_type_assay,416,1.0
TYY,Tier1,AnOxPePred,per_peptide_edta_type_assay,417,0.0
YSY,Tier1,AnOxPePred,per_peptide_edta_type_assay,418,0.0
YTY,Tier1,AnOxPePred,per_peptide_edta_type_assay,419,0.0
YYS,Tier1,AnOxPePred,per_peptide_edta_type_assay,420,0.0
YYT,Tier1,AnOxPePred,per_peptide_edta_type_assay,421,1.0
YCY,Tier1,AnOxPePred,per_peptide_edta_type_assay,422,1.0
YPFPG,Tier1,AnOxPePred,per_peptide_edta_type_assay,423,0.0
RPPGFSPFR,Tier1,AnOxPePred,per_peptide_edta_type_assay,424,0.0
NRVYIHPFHLLVYS,Tier1,AnOxPePred,per_peptide_edta_type_assay,97,1.0
VQYPVEHPNKFLKFGMTPSKGVLFY,Tier1,AnOxPePred,per_peptide_edta_type_assay,32,1.0
LPHSGY,Tier1,AnOxPePred,per_peptide_edta_type_assay,425,1.0
PSDHDHE,Tier1,AnOxPePred,per_peptide_edta_type_assay,426,0.0
VHDY,Tier1,AnOxPePred,per_peptide_edta_type_assay,427,1.0
LARL,Tier1,AnOxPePred,per_peptide_edta_type_assay,428,0.0
GGE,Tier1,AnOxPePred,per_peptide_edta_type_assay,429,1.0
GAH,Tier1,AnOxPePred,per_peptide_edta_type_assay,430,0.0
GAWA,Tier1,AnOxPePred,per_peptide_edta_type_assay,431,0.0
PHYL,Tier1,AnOxPePred,per_peptide_edta_type_assay,432,1.0
GALAAH,Tier1,AnOxPePred,per_peptide_edta_type_assay,433,1.0
DPALATEPDPMPF,Tier1,AnOxPePred,per_peptide_edta_type_assay,112,0.0
ACFL,Tier1,AnOxPePred,per_peptide_edta_type_assay,434,1.0
FLNDFLHV,Tier1,AnOxPePred,per_peptide_edta_type_assay,435,0.0
WEGPK,Tier1,AnOxPePred,per_peptide_edta_type_assay,436,0.0
GPP,Tier1,AnOxPePred,per_peptide_edta_type_assay,437,1.0
GVPLT,Tier1,AnOxPePred,per_peptide_edta_type_assay,438,1.0
GSGGL,Tier1,AnOxPePred,per_peptide_edta_type_assay,439,0.0
GPGGFI,Tier1,AnOxPePred,per_peptide_edta_type_assay,440,0.0
FIGP,Tier1,AnOxPePred,per_peptide_edta_type_assay,441,0.0
AMTGLDA,Tier1,AnOxPePred,per_peptide_edta_type_assay,442,1.0
NHRYDR,Tier1,AnOxPePred,per_peptide_edta_type_assay,443,1.0
VKEAMPK,Tier1,AnOxPePred,per_peptide_edta_type_assay,444,1.0
AVPYPQR,Tier1,AnOxPePred,per_peptide_edta_type_assay,445,0.0
KVLPVPQK,Tier1,AnOxPePred,per_peptide_edta_type_assay,446,0.0
VLPVPQK,Tier1,AnOxPePred,per_peptide_edta_type_assay,447,0.0
MHIRL,Tier1,AnOxPePred,per_peptide_edta_type_assay,448,0.0
YVEEL,Tier1,AnOxPePred,per_peptide_edta_type_assay,449,0.0
YGYTGA,Tier1,AnOxPePred,per_peptide_edta_type_assay,450,0.0
ISELGW,Tier1,AnOxPePred,per_peptide_edta_type_assay,451,0.0
WSRRGEREEEDERRR,Tier1,AnOxPePred,per_peptide_edta_type_assay,17,1.0
HGGEGGRPYHLGEES,Tier1,AnOxPePred,per_peptide_edta_type_assay,17,1.0
VAVDKHDYEPLGHSDIGVY,Tier1,AnOxPePred,per_peptide_edta_type_assay,53,1.0
FFAPGRNPTSFS,Tier1,AnOxPePred,per_peptide_edta_type_assay,140,1.0
EEYFPVGGDRPESF,Tier1,AnOxPePred,per_peptide_edta_type_assay,17,1.0
WEIKPSSLTGKSPYFSNNHGKL,Tier1,AnOxPePred,per_peptide_edta_type_assay,42,0.0
YLAGMN,Tier1,AnOxPePred,per_peptide_edta_type_assay,452,0.0
IAPNYNTRATKL,Tier1,AnOxPePred,per_peptide_edta_type_assay,26,0.0
IIENGEKWS,Tier1,AnOxPePred,per_peptide_edta_type_assay,453,1.0
LVDTGRGPIMY,Tier1,AnOxPePred,per_peptide_edta_type_assay,106,0.0
EEEQVGQGYETIRARL,Tier1,AnOxPePred,per_peptide_edta_type_assay,13,0.0
YEADARSFHDLAEHDIRV,Tier1,AnOxPePred,per_peptide_edta_type_assay,56,0.0
LRGIKNYRVAVL,Tier1,AnOxPePred,per_peptide_edta_type_assay,14,1.0
AAVGGYRVAVL,Tier1,AnOxPePred,per_peptide_edta_type_assay,156,1.0
NHAV,Tier1,AnOxPePred,per_peptide_edta_type_assay,454,0.0
HVRETALV,Tier1,AnOxPePred,per_peptide_edta_type_assay,455,0.0
IPAGM,Tier1,AnOxPePred,per_peptide_edta_type_assay,456,1.0
LPAGV,Tier1,AnOxPePred,per_peptide_edta_type_assay,457,0.0
EFLQ,Tier1,AnOxPePred,per_peptide_edta_type_assay,458,0.0
IPAGV,Tier1,AnOxPePred,per_peptide_edta_type_assay,459,1.0
EFQI,Tier1,AnOxPePred,per_peptide_edta_type_assay,460,0.0
SVYT,Tier1,AnOxPePred,per_peptide_edta_type_assay,461,1.0
FEQI,Tier1,AnOxPePred,per_peptide_edta_type_assay,462,0.0
LALPA,Tier1,AnOxPePred,per_peptide_edta_type_assay,463,0.0
EFQL,Tier1,AnOxPePred,per_peptide_edta_type_assay,464,0.0
LEEAF,Tier1,AnOxPePred,per_peptide_edta_type_assay,465,0.0
PSIPA,Tier1,AnOxPePred,per_peptide_edta_type_assay,466,1.0
PSLPA,Tier1,AnOxPePred,per_peptide_edta_type_assay,467,1.0
WVYY,Tier1,AnOxPePred,per_peptide_edta_type_assay,468,1.0
LPL,Tier1,AnOxPePred,per_peptide_edta_type_assay,469,1.0
WYT,Tier1,AnOxPePred,per_peptide_edta_type_assay,470,1.0
WSY,Tier1,AnOxPePred,per_peptide_edta_type_assay,471,0.0
LQL,Tier1,AnOxPePred,per_peptide_edta_type_assay,472,0.0
YNL,Tier1,AnOxPePred,per_peptide_edta_type_assay,473,0.0
IEEAF,Tier1,AnOxPePred,per_peptide_edta_type_assay,474,0.0
FEQL,Tier1,AnOxPePred,per_peptide_edta_type_assay,475,0.0
VSYT,Tier1,AnOxPePred,per_peptide_edta_type_assay,476,0.0
YNI,Tier1,AnOxPePred,per_peptide_edta_type_assay,477,0.0
EFIQ,Tier1,AnOxPePred,per_peptide_edta_type_assay,478,1.0
LNGDVW,Tier1,AnOxPePred,per_peptide_edta_type_assay,479,1.0
NYKQM,Tier1,AnOxPePred,per_peptide_edta_type_assay,480,1.0
YSTA,Tier1,AnOxPePred,per_peptide_edta_type_assay,481,1.0
YFE,Tier1,AnOxPePred,per_peptide_edta_type_assay,482,0.0
SWN,Tier1,AnOxPePred,per_peptide_edta_type_assay,483,1.0
HVCYMF,Tier1,AnOxPePred,per_peptide_edta_type_assay,484,1.0
MWL,Tier1,AnOxPePred,per_peptide_edta_type_assay,485,0.0
HDHPVC,Tier1,AnOxPePred,per_peptide_edta_type_assay,486,0.0
HEKVC,Tier1,AnOxPePred,per_peptide_edta_type_assay,487,0.0
QWPAQ,Tier1,AnOxPePred,per_peptide_edta_type_assay,488,1.0
GPAGPAG,Tier1,AnOxPePred,per_peptide_edta_type_assay,489,1.0
GFPSG,Tier1,AnOxPePred,per_peptide_edta_type_assay,490,1.0
YPPAK,Tier1,AnOxPePred,per_peptide_edta_type_assay,491,0.0
TCSP,Tier1,AnOxPePred,per_peptide_edta_type_assay,492,1.0
TGGGNV,Tier1,AnOxPePred,per_peptide_edta_type_assay,493,0.0
ESTTVPERTHPACPDFN,Tier1,AnOxPePred,per_peptide_edta_type_assay,65,0.0
VECYGPNRPQF,Tier1,AnOxPePred,per_peptide_edta_type_assay,32,1.0
FLQEFLHV,Tier1,AnOxPePred,per_peptide_edta_type_assay,494,0.0
KTFCGRH,Tier1,AnOxPePred,per_peptide_edta_type_assay,495,0.0
EWPAQ,Tier1,AnOxPePred,per_peptide_edta_type_assay,496,1.0
FLHRP,Tier1,AnOxPePred,per_peptide_edta_type_assay,497,1.0
LMGQW,Tier1,AnOxPePred,per_peptide_edta_type_assay,498,0.0
LDK,Tier1,AnOxPePred,per_peptide_edta_type_assay,499,0.0
PVMGA,Tier1,AnOxPePred,per_peptide_edta_type_assay,500,1.0
QHGV,Tier1,AnOxPePred,per_peptide_edta_type_assay,501,1.0
VCSV,Tier1,AnOxPePred,per_peptide_edta_type_assay,502,0.0
CAAP,Tier1,AnOxPePred,per_peptide_edta_type_assay,503,1.0
MQFHT,Tier1,AnOxPePred,per_peptide_edta_type_assay,504,1.0
PHCKRM,Tier1,AnOxPePred,per_peptide_edta_type_assay,505,0.0
VKEAMAPK,Tier1,AnOxPePred,per_peptide_edta_type_assay,506,0.0
ARHPHPHLSFM,Tier1,AnOxPePred,per_peptide_edta_type_assay,157,1.0
IKK,Tier1,AnOxPePred,per_peptide_edta_type_assay,507,1.0
FKK,Tier1,AnOxPePred,per_peptide_edta_type_assay,508,0.0
FIKK,Tier1,AnOxPePred,per_peptide_edta_type_assay,509,0.0
ADF,Tier1,AnOxPePred,per_peptide_edta_type_assay,510,0.0
SDF,Tier1,AnOxPePred,per_peptide_edta_type_assay,511,1.0
FGHPY,Tier1,AnOxPePred,per_peptide_edta_type_assay,512,1.0
TTYY,Tier1,AnOxPePred,per_peptide_edta_type_assay,513,0.0
YQEP,Tier1,AnOxPePred,per_peptide_edta_type_assay,514,0.0
YQEPVLGP,Tier1,AnOxPePred,per_peptide_edta_type_assay,515,0.0
SALAM,Tier1,AnOxPePred,per_peptide_edta_type_assay,516,1.0
YQIGL,Tier1,AnOxPePred,per_peptide_edta_type_assay,517,0.0
FRADHPFL,Tier1,AnOxPePred,per_peptide_edta_type_assay,518,0.0
RADHPFL,Tier1,AnOxPePred,per_peptide_edta_type_assay,519,1.0
YPI,Tier1,AnOxPePred,per_peptide_edta_type_assay,520,1.0
YPIL,Tier1,AnOxPePred,per_peptide_edta_type_assay,521,1.0
RADHPF,Tier1,AnOxPePred,per_peptide_edta_type_assay,522,0.0
RADHP,Tier1,AnOxPePred,per_peptide_edta_type_assay,523,1.0
ADHP,Tier1,AnOxPePred,per_peptide_edta_type_assay,524,1.0
QVVPYPQ,Tier1,AnOxPePred,per_peptide_edta_type_assay,525,1.0
HQIYPV,Tier1,AnOxPePred,per_peptide_edta_type_assay,526,1.0
PYPQ,Tier1,AnOxPePred,per_peptide_edta_type_assay,527,1.0
WSVPQPK,Tier1,AnOxPePred,per_peptide_edta_type_assay,528,0.0
IYPF,Tier1,AnOxPePred,per_peptide_edta_type_assay,529,0.0
WYS,Tier1,AnOxPePred,per_peptide_edta_type_assay,530,1.0
WYSL,Tier1,AnOxPePred,per_peptide_edta_type_assay,531,0.0
WYSLA,Tier1,AnOxPePred,per_peptide_edta_type_assay,532,1.0
WYSLAM,Tier1,AnOxPePred,per_peptide_edta_type_assay,533,1.0
WYSLAMA,Tier1,AnOxPePred,per_peptide_edta_type_assay,534,1.0
LQGM,Tier1,AnOxPePred,per_peptide_edta_type_assay,535,1.0
QGAR,Tier1,AnOxPePred,per_peptide_edta_type_assay,536,1.0
FPLEMMPF,Tier1,AnOxPePred,per_peptide_edta_type_assay,537,1.0
LNLPTAVYMVT,Tier1,AnOxPePred,per_peptide_edta_type_assay,158,1.0
YGGFL,Tier1,AnOxPePred,per_peptide_edta_type_assay,538,0.0
YGGFM,Tier1,AnOxPePred,per_peptide_edta_type_assay,539,1.0
DRVYIHPF,Tier1,AnOxPePred,per_peptide_edta_type_assay,540,0.0
LEQQVDDLEGSLEQEKK,Tier1,AnOxPePred,per_peptide_edta_type_assay,66,1.0
AIRQGDVF,Tier1,AnOxPePred,per_peptide_edta_type_assay,541,0.0
VLEANPRSF,Tier1,AnOxPePred,per_peptide_edta_type_assay,542,1.0
IQY,Tier1,AnOxPePred,per_peptide_edta_type_assay,543,0.0
YVL,Tier1,AnOxPePred,per_peptide_edta_type_assay,544,0.0
FALPQYLK,Tier1,AnOxPePred,per_peptide_edta_type_assay,545,0.0
PYVRYL,Tier1,AnOxPePred,per_peptide_edta_type_assay,546,1.0
TIIPLPV,Tier1,AnOxPePred,per_peptide_edta_type_assay,547,1.0
WPL,Tier1,AnOxPePred,per_peptide_edta_type_assay,548,0.0
VPW,Tier1,AnOxPePred,per_peptide_edta_type_assay,549,1.0
VFPW,Tier1,AnOxPePred,per_peptide_edta_type_assay,550,0.0
HNPI,Tier1,AnOxPePred,per_peptide_edta_type_assay,551,1.0
QYDQGV,Tier1,AnOxPePred,per_peptide_edta_type_assay,552,1.0
YEDCTDCGN,Tier1,AnOxPePred,per_peptide_edta_type_assay,553,1.0
AADNANELFPPN,Tier1,AnOxPePred,per_peptide_edta_type_assay,1,0.0
AMRLTYNRPCIYAT,Tier1,AnOxPePred,per_peptide_edta_type_assay,98,1.0
AMRLTGNRPGLYAT,Tier1,AnOxPePred,per_peptide_edta_type_assay,98,1.0
AMRLTYNRPCLGAT,Tier1,AnOxPePred,per_peptide_edta_type_assay,98,1.0
SIITMTKEAKLPQLWKQIACRLYNTC,Tier1,AnOxPePred,per_peptide_edta_type_assay,26,0.0
FRSGILKLASKIPSVLCAVLKNC,Tier1,AnOxPePred,per_peptide_edta_type_assay,37,1.0
AKAWGIPPHVIPQIVPVRIRPLCGNV,Tier1,AnOxPePred,per_peptide_edta_type_assay,27,1.0
GFWDSVKEGLKNAAVTILNKIKCKISECPPA,Tier1,AnOxPePred,per_peptide_edta_type_assay,14,1.0
FIPGLRRLFATVVPTVVCAINKLPPG,Tier1,AnOxPePred,per_peptide_edta_type_assay,28,1.0
DDPDKGMLKWKNDFFQEF,Tier1,AnOxPePred,per_peptide_edta_type_assay,57,0.0
GLLDSVKEGLKKVAGQLLDTLKCKISGCTPA,Tier1,AnOxPePred,per_peptide_edta_type_assay,14,1.0
GFFDRIKALTKNVTLELLNTITCKLPVTPP,Tier1,AnOxPePred,per_peptide_edta_type_assay,14,1.0
SFGAKNAVKNGLQKLRNQCQANNYQGPFCDIFKKNP,Tier1,AnOxPePred,per_peptide_edta_type_assay,8,0.0
CVHWMTNTARTACIAP,Tier1,AnOxPePred,per_peptide_edta_type_assay,76,1.0
AMRLTYNKPCLYGT,Tier1,AnOxPePred,per_peptide_edta_type_assay,98,1.0
IRW,Tier1,AnOxPePred,per_peptide_edta_type_assay,554,0.0
IANNEADAISLDGGQVFEAG,Tier1,AnOxPePred,per_peptide_edta_type_assay,50,1.0
PIAAEVYEHTEGSTTSY,Tier1,AnOxPePred,per_peptide_edta_type_assay,67,0.0
AGWNIPIGT,Tier1,AnOxPePred,per_peptide_edta_type_assay,555,1.0
AGWNIP,Tier1,AnOxPePred,per_peptide_edta_type_assay,556,0.0
AGWNI,Tier1,AnOxPePred,per_peptide_edta_type_assay,557,1.0
WNIP,Tier1,AnOxPePred,per_peptide_edta_type_assay,558,1.0
AIEWEGIESGSVEQA,Tier1,AnOxPePred,per_peptide_edta_type_assay,19,0.0
LGFEY,Tier1,AnOxPePred,per_peptide_edta_type_assay,559,0.0
LGFEYY,Tier1,AnOxPePred,per_peptide_edta_type_assay,560,1.0
VIPMGL,Tier1,AnOxPePred,per_peptide_edta_type_assay,561,0.0
GWNIP,Tier1,AnOxPePred,per_peptide_edta_type_assay,562,1.0
GWNI,Tier1,AnOxPePred,per_peptide_edta_type_assay,563,0.0
VPYPQ,Tier1,AnOxPePred,per_peptide_edta_type_assay,564,0.0
VPNSYP,Tier1,AnOxPePred,per_peptide_edta_type_assay,565,1.0
NPYVPR,Tier1,AnOxPePred,per_peptide_edta_type_assay,566,1.0
WISELG,Tier1,AnOxPePred,per_peptide_edta_type_assay,567,1.0
WISELGW,Tier1,AnOxPePred,per_peptide_edta_type_assay,568,1.0
ISELWG,Tier1,AnOxPePred,per_peptide_edta_type_assay,569,1.0
ISELGF,Tier1,AnOxPePred,per_peptide_edta_type_assay,570,1.0
ISELGY,Tier1,AnOxPePred,per_peptide_edta_type_assay,571,0.0
GPLGLLGFLGPLGLS,Tier1,AnOxPePred,per_peptide_edta_type_assay,33,1.0
QLGNLGV,Tier1,AnOxPePred,per_peptide_edta_type_assay,572,1.0
SVMPVVA,Tier1,AnOxPePred,per_peptide_edta_type_assay,573,1.0
FLKPLFNAALKLLP,Tier1,AnOxPePred,per_peptide_edta_type_assay,35,1.0
VKP,Tier1,AnOxPePred,per_peptide_edta_type_assay,574,1.0
VKCFR,Tier1,AnOxPePred,per_peptide_edta_type_assay,575,0.0
PYFNK,Tier1,AnOxPePred,per_peptide_edta_type_assay,576,0.0
VLYEE,Tier1,AnOxPePred,per_peptide_edta_type_assay,577,0.0
YLMSR,Tier1,AnOxPePred,per_peptide_edta_type_assay,578,1.0
MILMR,Tier1,AnOxPePred,per_peptide_edta_type_assay,579,1.0
HMPVTK,Tier1,AnOxPePred,per_peptide_edta_type_assay,580,1.0
TERGY,Tier1,AnOxPePred,per_peptide_edta_type_assay,581,1.0
TEFTK,Tier1,AnOxPePred,per_peptide_edta_type_assay,582,1.0
TDY,Tier1,AnOxPePred,per_peptide_edta_type_assay,583,1.0
NHK,Tier1,AnOxPePred,per_peptide_edta_type_assay,584,0.0
LVSK,Tier1,AnOxPePred,per_peptide_edta_type_assay,585,0.0
WHNVSGSP,Tier1,AnOxPePred,per_peptide_edta_type_assay,586,0.0
FDEQE,Tier1,AnOxPePred,per_peptide_edta_type_assay,587,1.0
WDDMEK,Tier1,AnOxPePred,per_peptide_edta_type_assay,588,1.0
MEMK,Tier1,AnOxPePred,per_peptide_edta_type_assay,589,0.0
LDY,Tier1,AnOxPePred,per_peptide_edta_type_assay,590,1.0
YWVTSGPK,Tier1,AnOxPePred,per_peptide_edta_type_assay,591,1.0
LYEGY,Tier1,AnOxPePred,per_peptide_edta_type_assay,592,0.0
VAMVPPFET,Tier1,AnOxPePred,per_peptide_edta_type_assay,593,0.0
YSEMPPGK,Tier1,AnOxPePred,per_peptide_edta_type_assay,594,0.0
FHNMEK,Tier1,AnOxPePred,per_peptide_edta_type_assay,595,1.0
FVNQPYLLYSVHMK,Tier1,AnOxPePred,per_peptide_edta_type_assay,99,1.0
LVMFLDNQHRVIRH,Tier1,AnOxPePred,per_peptide_edta_type_assay,100,0.0
YAKPA,Tier1,AnOxPePred,per_peptide_edta_type_assay,596,0.0
GTQY,Tier1,AnOxPePred,per_peptide_edta_type_assay,597,1.0
ARHPHP,Tier1,AnOxPePred,per_peptide_edta_type_assay,598,0.0
RHPHP,Tier1,AnOxPePred,per_peptide_edta_type_assay,599,1.0
RYPS,Tier1,AnOxPePred,per_peptide_edta_type_assay,600,1.0
SRYPS,Tier1,AnOxPePred,per_peptide_edta_type_assay,601,1.0
AYPS,Tier1,AnOxPePred,per_peptide_edta_type_assay,602,1.0
YAKP,Tier1,AnOxPePred,per_peptide_edta_type_assay,603,0.0
RYQ,Tier1,AnOxPePred,per_peptide_edta_type_assay,604,0.0
VLSRYPS,Tier1,AnOxPePred,per_peptide_edta_type_assay,605,0.0
TIASGEP,Tier1,AnOxPePred,per_peptide_edta_type_assay,606,0.0
YQLD,Tier1,AnOxPePred,per_peptide_edta_type_assay,607,0.0
GYLEQ,Tier1,AnOxPePred,per_peptide_edta_type_assay,608,0.0
RDMPIQ,Tier1,AnOxPePred,per_peptide_edta_type_assay,609,1.0
YPELF,Tier1,AnOxPePred,per_peptide_edta_type_assay,610,0.0
RLKKY,Tier1,AnOxPePred,per_peptide_edta_type_assay,611,1.0
YLKT,Tier1,AnOxPePred,per_peptide_edta_type_assay,612,0.0
TVYQ,Tier1,AnOxPePred,per_peptide_edta_type_assay,613,0.0
LLR,Tier1,AnOxPePred,per_peptide_edta_type_assay,614,0.0
YGLN,Tier1,AnOxPePred,per_peptide_edta_type_assay,615,0.0
YQKFP,Tier1,AnOxPePred,per_peptide_edta_type_assay,616,0.0
YQL,Tier1,AnOxPePred,per_peptide_edta_type_assay,617,0.0
YIPIQY,Tier1,AnOxPePred,per_peptide_edta_type_assay,618,1.0
FYQL,Tier1,AnOxPePred,per_peptide_edta_type_assay,619,0.0
YVGD,Tier1,AnOxPePred,per_peptide_edta_type_assay,620,0.0
LGNTDYAVH,Tier1,AnOxPePred,per_peptide_edta_type_assay,621,1.0
DHG,Tier1,AnOxPePred,per_peptide_edta_type_assay,622,0.0
VGDI,Tier1,AnOxPePred,per_peptide_edta_type_assay,623,1.0
RASDPLLSV,Tier1,AnOxPePred,per_peptide_edta_type_assay,624,0.0
RNDDLNYIQ,Tier1,AnOxPePred,per_peptide_edta_type_assay,625,1.0
LAPSLPGKPKPD,Tier1,AnOxPePred,per_peptide_edta_type_assay,52,0.0
AGTTCLFTPLALPYDYSH,Tier1,AnOxPePred,per_peptide_edta_type_assay,58,0.0
DHTKE,Tier1,AnOxPePred,per_peptide_edta_type_assay,626,0.0
FFGFN,Tier1,AnOxPePred,per_peptide_edta_type_assay,627,1.0
MPDAHL,Tier1,AnOxPePred,per_peptide_edta_type_assay,628,1.0
ALEPDHR,Tier1,AnOxPePred,per_peptide_edta_type_assay,629,1.0
TETWNPNHPEL,Tier1,AnOxPePred,per_peptide_edta_type_assay,39,1.0
FVPH,Tier1,AnOxPePred,per_peptide_edta_type_assay,630,1.0
SAEHGSLH,Tier1,AnOxPePred,per_peptide_edta_type_assay,631,0.0
RPNYTDA,Tier1,AnOxPePred,per_peptide_edta_type_assay,632,0.0
TSQLLSDQ,Tier1,AnOxPePred,per_peptide_edta_type_assay,633,1.0
TRTGDPFF,Tier1,AnOxPePred,per_peptide_edta_type_assay,634,0.0
NFHPQ,Tier1,AnOxPePred,per_peptide_edta_type_assay,635,1.0
LSGYGP,Tier1,AnOxPePred,per_peptide_edta_type_assay,636,0.0
PYSFK,Tier1,AnOxPePred,per_peptide_edta_type_assay,637,0.0
GFGPEL,Tier1,AnOxPePred,per_peptide_edta_type_assay,638,1.0
VGGRP,Tier1,AnOxPePred,per_peptide_edta_type_assay,639,1.0
VVGGDGDV,Tier1,AnOxPePred,per_peptide_edta_type_assay,640,1.0
VPVTST,Tier1,AnOxPePred,per_peptide_edta_type_assay,641,1.0
LTTLDSE,Tier1,AnOxPePred,per_peptide_edta_type_assay,642,0.0
STMMEERRMKVY,Tier1,AnOxPePred,per_peptide_edta_type_assay,141,0.0
DVFRELRVQ,Tier1,AnOxPePred,per_peptide_edta_type_assay,643,1.0
EERYP,Tier1,AnOxPePred,per_peptide_edta_type_assay,644,0.0
AEERYP,Tier1,AnOxPePred,per_peptide_edta_type_assay,645,0.0
DEDTQAMP,Tier1,AnOxPePred,per_peptide_edta_type_assay,646,0.0
PVDENDEG,Tier1,AnOxPePred,per_peptide_edta_type_assay,647,1.0
YLGAK,Tier1,AnOxPePred,per_peptide_edta_type_assay,648,0.0
GGLEPINFN,Tier1,AnOxPePred,per_peptide_edta_type_assay,649,0.0
GGIF,Tier1,AnOxPePred,per_peptide_edta_type_assay,650,1.0
GIFE,Tier1,AnOxPePred,per_peptide_edta_type_assay,651,1.0
GVQEGAGHYALL,Tier1,AnOxPePred,per_peptide_edta_type_assay,60,0.0
WPP,Tier1,AnOxPePred,per_peptide_edta_type_assay,652,0.0
YYIVS,Tier1,AnOxPePred,per_peptide_edta_type_assay,653,1.0
TYQTF,Tier1,AnOxPePred,per_peptide_edta_type_assay,654,0.0
SGQYFL,Tier1,AnOxPePred,per_peptide_edta_type_assay,655,1.0
YYDPL,Tier1,AnOxPePred,per_peptide_edta_type_assay,656,0.0
WDR,Tier1,AnOxPePred,per_peptide_edta_type_assay,657,0.0
GIISHR,Tier1,AnOxPePred,per_peptide_edta_type_assay,658,1.0
ELLI,Tier1,AnOxPePred,per_peptide_edta_type_assay,659,0.0
KFPE,Tier1,AnOxPePred,per_peptide_edta_type_assay,660,1.0
LPF,Tier1,AnOxPePred,per_peptide_edta_type_assay,661,0.0
LLPF,Tier1,AnOxPePred,per_peptide_edta_type_assay,662,0.0
FLPF,Tier1,AnOxPePred,per_peptide_edta_type_assay,663,0.0
LANAK,Tier1,AnOxPePred,per_peptide_edta_type_assay,664,1.0
PSLVGRPPVGKLTL,Tier1,AnOxPePred,per_peptide_edta_type_assay,42,0.0
SNAAC,Tier1,AnOxPePred,per_peptide_edta_type_assay,665,1.0
AEEEYPDL,Tier1,AnOxPePred,per_peptide_edta_type_assay,666,0.0
QYP,Tier1,AnOxPePred,per_peptide_edta_type_assay,667,0.0
HYVPV,Tier1,AnOxPePred,per_peptide_edta_type_assay,668,0.0
MPACGSS,Tier1,AnOxPePred,per_peptide_edta_type_assay,669,0.0
MTEEY,Tier1,AnOxPePred,per_peptide_edta_type_assay,670,1.0
LSGNK,Tier1,AnOxPePred,per_peptide_edta_type_assay,671,1.0
GEGSGA,Tier1,AnOxPePred,per_peptide_edta_type_assay,672,1.0
GLTSK,Tier1,AnOxPePred,per_peptide_edta_type_assay,673,1.0
VAWRNRCKGTD,Tier1,AnOxPePred,per_peptide_edta_type_assay,159,1.0
IRGCRL,Tier1,AnOxPePred,per_peptide_edta_type_assay,674,1.0
WIRGCRL,Tier1,AnOxPePred,per_peptide_edta_type_assay,675,1.0
AWIRGCRL,Tier1,AnOxPePred,per_peptide_edta_type_assay,676,0.0
WRNRCKGTD,Tier1,AnOxPePred,per_peptide_edta_type_assay,677,1.0
SDRDLLGPNNQYLPK,Tier1,AnOxPePred,per_peptide_edta_type_assay,86,0.0
IQW,Tier1,AnOxPePred,per_peptide_edta_type_assay,678,0.0
LTC,Tier1,AnOxPePred,per_peptide_edta_type_assay,679,0.0
GTW,Tier1,AnOxPePred,per_peptide_edta_type_assay,680,1.0
YLL,Tier1,AnOxPePred,per_peptide_edta_type_assay,681,0.0
LFC,Tier1,AnOxPePred,per_peptide_edta_type_assay,682,0.0
CME,Tier1,AnOxPePred,per_peptide_edta_type_assay,683,1.0
QKW,Tier1,AnOxPePred,per_peptide_edta_type_assay,684,0.0
WEN,Tier1,AnOxPePred,per_peptide_edta_type_assay,685,0.0
LAC,Tier1,AnOxPePred,per_peptide_edta_type_assay,686,0.0
ACQ,Tier1,AnOxPePred,per_peptide_edta_type_assay,687,1.0
CQC,Tier1,AnOxPePred,per_peptide_edta_type_assay,688,0.0
QCL,Tier1,AnOxPePred,per_peptide_edta_type_assay,689,1.0
GEC,Tier1,AnOxPePred,per_peptide_edta_type_assay,690,1.0
ECA,Tier1,AnOxPePred,per_peptide_edta_type_assay,691,0.0
CAQ,Tier1,AnOxPePred,per_peptide_edta_type_assay,692,1.0
CLV,Tier1,AnOxPePred,per_peptide_edta_type_assay,693,1.0
NEN,Tier1,AnOxPePred,per_peptide_edta_type_assay,694,0.0
LPM,Tier1,AnOxPePred,per_peptide_edta_type_assay,695,1.0
MHI,Tier1,AnOxPePred,per_peptide_edta_type_assay,696,0.0
DYK,Tier1,AnOxPePred,per_peptide_edta_type_assay,697,0.0
KKY,Tier1,AnOxPePred,per_peptide_edta_type_assay,698,0.0
KYL,Tier1,AnOxPePred,per_peptide_edta_type_assay,699,1.0
EQC,Tier1,AnOxPePred,per_peptide_edta_type_assay,700,0.0
QCH,Tier1,AnOxPePred,per_peptide_edta_type_assay,701,0.0
CHI,Tier1,AnOxPePred,per_peptide_edta_type_assay,702,1.0
CSQAPLA,Tier1,AnOxPePred,per_peptide_edta_type_assay,703,0.0
RCMAFLLSDGAAAAQQLLPQYW,Tier1,AnOxPePred,per_peptide_edta_type_assay,38,0.0
WYGPD,Tier1,AnOxPePred,per_peptide_edta_type_assay,704,0.0
KLSDW,Tier1,AnOxPePred,per_peptide_edta_type_assay,705,1.0
KGLWE,Tier1,AnOxPePred,per_peptide_edta_type_assay,706,1.0
DLEE,Tier1,AnOxPePred,per_peptide_edta_type_assay,707,1.0
TEVWDSNEQ,Tier1,AnOxPePred,per_peptide_edta_type_assay,708,1.0
IYIEQGNGITGM,Tier1,AnOxPePred,per_peptide_edta_type_assay,142,0.0
ADGF,Tier1,AnOxPePred,per_peptide_edta_type_assay,709,1.0
AGGF,Tier1,AnOxPePred,per_peptide_edta_type_assay,710,1.0
AWDPE,Tier1,AnOxPePred,per_peptide_edta_type_assay,711,0.0
DWDPK,Tier1,AnOxPePred,per_peptide_edta_type_assay,712,0.0
ETTL,Tier1,AnOxPePred,per_peptide_edta_type_assay,713,0.0
SGAF,Tier1,AnOxPePred,per_peptide_edta_type_assay,714,0.0
VKRRGQDCIHGFCSD,Tier1,AnOxPePred,per_peptide_edta_type_assay,87,1.0
GQFNDKRWIPFG,Tier1,AnOxPePred,per_peptide_edta_type_assay,143,0.0
APIRMWYMYRKLTDMEPKPVA,Tier1,AnOxPePred,per_peptide_edta_type_assay,44,1.0
VLVPK,Tier1,AnOxPePred,per_peptide_edta_type_assay,715,1.0
KDVPP,Tier1,AnOxPePred,per_peptide_edta_type_assay,716,1.0
GQVPP,Tier1,AnOxPePred,per_peptide_edta_type_assay,717,0.0
PKLPPVKK,Tier1,AnOxPePred,per_peptide_edta_type_assay,718,1.0
DGVVYY,Tier1,AnOxPePred,per_peptide_edta_type_assay,719,0.0
IVEYF,Tier1,AnOxPePred,per_peptide_edta_type_assay,720,0.0
GFYPPP,Tier1,AnOxPePred,per_peptide_edta_type_assay,721,0.0
DVPPYM,Tier1,AnOxPePred,per_peptide_edta_type_assay,722,1.0
PGVPWP,Tier1,AnOxPePred,per_peptide_edta_type_assay,723,0.0
RYLGY,Tier1,AnOxPePred,per_peptide_edta_type_assay,724,1.0
RYL,Tier1,AnOxPePred,per_peptide_edta_type_assay,725,0.0
RYLG,Tier1,AnOxPePred,per_peptide_edta_type_assay,726,0.0
YLG,Tier1,AnOxPePred,per_peptide_edta_type_assay,727,1.0
YLGY,Tier1,AnOxPePred,per_peptide_edta_type_assay,728,0.0
LGY,Tier1,AnOxPePred,per_peptide_edta_type_assay,729,1.0
AYFYPEL,Tier1,AnOxPePred,per_peptide_edta_type_assay,730,0.0
AYFYPE,Tier1,AnOxPePred,per_peptide_edta_type_assay,731,0.0
YQKFPQY,Tier1,AnOxPePred,per_peptide_edta_type_assay,732,1.0
YQK,Tier1,AnOxPePred,per_peptide_edta_type_assay,733,1.0
FPQY,Tier1,AnOxPePred,per_peptide_edta_type_assay,734,0.0
VAGTWY,Tier1,AnOxPePred,per_peptide_edta_type_assay,735,1.0
YQEPVLGPVRGPFPIIV,Tier1,AnOxPePred,per_peptide_edta_type_assay,68,0.0
VPKVK,Tier1,AnOxPePred,per_peptide_edta_type_assay,736,1.0
DSGVT,Tier2,AnOxPePred,per_peptide_edta_type_assay,737,0.0
IEAEGE,Tier2,AnOxPePred,per_peptide_edta_type_assay,738,1.0
DAQEKLE,Tier2,AnOxPePred,per_peptide_edta_type_assay,739,1.0
EELDNALN,Tier2,AnOxPePred,per_peptide_edta_type_assay,740,1.0
VPSIDDQEELM,Tier2,AnOxPePred,per_peptide_edta_type_assay,155,1.0
HFGDPFH,Tier2,AnOxPePred,per_peptide_edta_type_assay,741,0.0
PSYV,Tier2,AnOxPePred,per_peptide_edta_type_assay,742,0.0
HPLH,Tier2,AnOxPePred,per_peptide_edta_type_assay,743,0.0
HHLP,Tier2,AnOxPePred,per_peptide_edta_type_assay,744,0.0
HLPH,Tier2,AnOxPePred,per_peptide_edta_type_assay,745,0.0
LLPH,Tier2,AnOxPePred,per_peptide_edta_type_assay,746,1.0
PLHH,Tier2,AnOxPePred,per_peptide_edta_type_assay,747,1.0
HPHL,Tier2,AnOxPePred,per_peptide_edta_type_assay,748,1.0
HPH,Tier2,AnOxPePred,per_peptide_edta_type_assay,749,1.0
LLHH,Tier2,AnOxPePred,per_peptide_edta_type_assay,750,1.0
HHPLL,Tier2,AnOxPePred,per_peptide_edta_type_assay,751,1.0
HLHP,Tier2,AnOxPePred,per_peptide_edta_type_assay,752,1.0
LPHH,Tier2,AnOxPePred,per_peptide_edta_type_assay,753,1.0
HHPL,Tier2,AnOxPePred,per_peptide_edta_type_assay,754,0.0
LHPH,Tier2,AnOxPePred,per_peptide_edta_type_assay,755,1.0
HHP,Tier2,AnOxPePred,per_peptide_edta_type_assay,756,0.0
LLPHH,Tier2,AnOxPePred,per_peptide_edta_type_assay,757,0.0
HLH,Tier2,AnOxPePred,per_peptide_edta_type_assay,758,1.0
LLPHHH,Tier2,AnOxPePred,per_peptide_edta_type_assay,759,0.0
LHH,Tier2,AnOxPePred,per_peptide_edta_type_assay,760,1.0
PHH,Tier2,AnOxPePred,per_peptide_edta_type_assay,761,0.0
FYY,Tier2,AnOxPePred,per_peptide_edta_type_assay,762,0.0
SCH,Tier2,AnOxPePred,per_peptide_edta_type_assay,763,0.0
AVPYPQR,Tier2,AnOxPePred,per_peptide_edta_type_assay,764,1.0
KVLPVPQK,Tier2,AnOxPePred,per_peptide_edta_type_assay,765,1.0
IPAGM,Tier2,AnOxPePred,per_peptide_edta_type_assay,766,0.0
LPAGV,Tier2,AnOxPePred,per_peptide_edta_type_assay,767,0.0
EFLQ,Tier2,AnOxPePred,per_peptide_edta_type_assay,768,0.0
IPAGV,Tier2,AnOxPePred,per_peptide_edta_type_assay,769,1.0
EFQI,Tier2,AnOxPePred,per_peptide_edta_type_assay,770,1.0
FEQI,Tier2,AnOxPePred,per_peptide_edta_type_assay,771,1.0
LALPA,Tier2,AnOxPePred,per_peptide_edta_type_assay,772,0.0
EFQL,Tier2,AnOxPePred,per_peptide_edta_type_assay,773,0.0
LEEAF,Tier2,AnOxPePred,per_peptide_edta_type_assay,774,1.0
PSIPA,Tier2,AnOxPePred,per_peptide_edta_type_assay,775,1.0
PSLPA,Tier2,AnOxPePred,per_peptide_edta_type_assay,776,1.0
WVYY,Tier2,AnOxPePred,per_peptide_edta_type_assay,777,1.0
LPL,Tier2,AnOxPePred,per_peptide_edta_type_assay,778,0.0
LQL,Tier2,AnOxPePred,per_peptide_edta_type_assay,779,0.0
YNL,Tier2,AnOxPePred,per_peptide_edta_type_assay,780,0.0
IEEAF,Tier2,AnOxPePred,per_peptide_edta_type_assay,781,0.0
FEQL,Tier2,AnOxPePred,per_peptide_edta_type_assay,782,1.0
VSYT,Tier2,AnOxPePred,per_peptide_edta_type_assay,783,0.0
YNI,Tier2,AnOxPePred,per_peptide_edta_type_assay,784,0.0
EFIQ,Tier2,AnOxPePred,per_peptide_edta_type_assay,785,0.0
VECYGPNRPQF,Tier2,AnOxPePred,per_peptide_edta_type_assay,32,1.0
DHHQ,Tier2,AnOxPePred,per_peptide_edta_type_assay,786,0.0
DHHQVYSPGEQ,Tier2,AnOxPePred,per_peptide_edta_type_assay,160,0.0
DAHK,Tier2,AnOxPePred,per_peptide_edta_type_assay,787,0.0
DHHK,Tier2,AnOxPePred,per_peptide_edta_type_assay,788,1.0
RASDPLLSV,Tier2,AnOxPePred,per_peptide_edta_type_assay,789,1.0
RNDDLNYIQ,Tier2,AnOxPePred,per_peptide_edta_type_assay,790,1.0
LAPSLPGKPKPD,Tier2,AnOxPePred,per_peptide_edta_type_assay,52,0.0
AGTTCLFTPLALPYDYSH,Tier2,AnOxPePred,per_peptide_edta_type_assay,58,0.0
RPNYTDA,Tier2,AnOxPePred,per_peptide_edta_type_assay,791,0.0
TSQLLSDQ,Tier2,AnOxPePred,per_peptide_edta_type_assay,792,1.0
TRTGDPFF,Tier2,AnOxPePred,per_peptide_edta_type_assay,793,0.0
NFHPQ,Tier2,AnOxPePred,per_peptide_edta_type_assay,794,1.0
AWFS,Tier2,AnOxPePred,per_peptide_edta_type_assay,795,1.0
YLLLK,Tier2,AnOxPePred,per_peptide_edta_type_assay,796,1.0
GIFE,Tier2,AnOxPePred,per_peptide_edta_type_assay,797,0.0
WAFS,Tier2,AnOxPePred,per_peptide_edta_type_assay,798,1.0
MPACGSS,Tier2,AnOxPePred,per_peptide_edta_type_assay,799,0.0
MTEEY,Tier2,AnOxPePred,per_peptide_edta_type_assay,800,1.0
LSGNK,Tier2,AnOxPePred,per_peptide_edta_type_assay,801,1.0
GEGSGA,Tier2,AnOxPePred,per_peptide_edta_type_assay,802,1.0
GLTSK,Tier2,AnOxPePred,per_peptide_edta_type_assay,803,1.0
SDRDLLGPNNQYLPK,Tier2,AnOxPePred,per_peptide_edta_type_assay,86,0.0
FFRSKLLSDGAAAKGALLPQYW,Tier2,AnOxPePred,per_peptide_edta_type_assay,24,0.0
RCMAFLLSDGAAAAQQLLPQYW,Tier2,AnOxPePred,per_peptide_edta_type_assay,38,0.0
AIQSPH,Tier2,Sunflower_MCP_Enriquez2025,complex_or_hydrolysate_level_assay,804,1.0
AVLAPH,Tier2,Sunflower_MCP_Enriquez2025,complex_or_hydrolysate_level_assay,805,1.0
DFIRH,Tier2,Sunflower_MCP_Enriquez2025,complex_or_hydrolysate_level_assay,806,1.0
FPILEH,Tier2,Sunflower_MCP_Enriquez2025,complex_or_hydrolysate_level_assay,807,0.0
FPILEHL,Tier2,Sunflower_MCP_Enriquez2025,complex_or_hydrolysate_level_assay,808,0.0
FSPH,Tier2,Sunflower_MCP_Enriquez2025,complex_or_hydrolysate_level_assay,809,1.0
FVTPEEEQQQMH,Tier2,Sunflower_MCP_Enriquez2025,complex_or_hydrolysate_level_assay,144,0.0
GENDQRGHIIFVQ,Tier2,Sunflower_MCP_Enriquez2025,complex_or_hydrolysate_level_assay,113,1.0
GIVSPH,Tier2,Sunflower_MCP_Enriquez2025,complex_or_hydrolysate_level_assay,810,0.0
GVDFIRH,Tier2,Sunflower_MCP_Enriquez2025,complex_or_hydrolysate_level_assay,811,0.0
HNDGNTELVVVVF,Tier2,Sunflower_MCP_Enriquez2025,complex_or_hydrolysate_level_assay,114,0.0
NIDNPSHADFVNPQ,Tier2,Sunflower_MCP_Enriquez2025,complex_or_hydrolysate_level_assay,52,0.0
PHYA,Tier2,Sunflower_MCP_Enriquez2025,complex_or_hydrolysate_level_assay,812,0.0
SEVFH,Tier2,Sunflower_MCP_Enriquez2025,complex_or_hydrolysate_level_assay,813,0.0
SEVFHVD,Tier2,Sunflower_MCP_Enriquez2025,complex_or_hydrolysate_level_assay,814,0.0
SFLAGGISSEHIQGQQQ,Tier2,Sunflower_MCP_Enriquez2025,complex_or_hydrolysate_level_assay,69,1.0
SPHWTIN,Tier2,Sunflower_MCP_Enriquez2025,complex_or_hydrolysate_level_assay,815,1.0
WVHNDGNAE,Tier2,Sunflower_MCP_Enriquez2025,complex_or_hydrolysate_level_assay,816,1.0
YANQLDPNHRRF,Tier2,Sunflower_MCP_Enriquez2025,complex_or_hydrolysate_level_assay,6,0.0
ALFSPH,Tier2,Sunflower_MCP_Enriquez2025,complex_or_hydrolysate_level_assay,817,0.0
DFIRHR,Tier2,Sunflower_MCP_Enriquez2025,complex_or_hydrolysate_level_assay,818,1.0
GTAHWL,Tier2,Sunflower_MCP_Enriquez2025,complex_or_hydrolysate_level_assay,819,1.0
GVDFIRHR,Tier2,Sunflower_MCP_Enriquez2025,complex_or_hydrolysate_level_assay,820,0.0
NPSHADFV,Tier2,Sunflower_MCP_Enriquez2025,complex_or_hydrolysate_level_assay,821,1.0
AVFVDLEPTVIDEVR,Tier2,Walnut_MCP_Fan2023,complex_or_hydrolysate_level_assay,20,0.0
DAYVGDEAQSK,Tier2,Walnut_MCP_Fan2023,complex_or_hydrolysate_level_assay,11,1.0
DNIQGITKPAIR,Tier2,Walnut_MCP_Fan2023,complex_or_hydrolysate_level_assay,0,1.0
DSGDGVSHTVPIYEGY,Tier2,Walnut_MCP_Fan2023,complex_or_hydrolysate_level_assay,77,0.0
EVVLEKSETVKDT,Tier2,Walnut_MCP_Fan2023,complex_or_hydrolysate_level_assay,115,0.0
EYLAAEVLELAGNAAR,Tier2,Walnut_MCP_Fan2023,complex_or_hydrolysate_level_assay,78,0.0
GEHIEESR,Tier2,Walnut_MCP_Fan2023,complex_or_hydrolysate_level_assay,822,0.0
GLLLPSFSNAPR,Tier2,Walnut_MCP_Fan2023,complex_or_hydrolysate_level_assay,52,0.0
GVDLIRQGWSR,Tier2,Walnut_MCP_Fan2023,complex_or_hydrolysate_level_assay,25,1.0
HAVSEGTK,Tier2,Walnut_MCP_Fan2023,complex_or_hydrolysate_level_assay,823,0.0
IGGIGTVPVGR,Tier2,Walnut_MCP_Fan2023,complex_or_hydrolysate_level_assay,17,1.0
IINVIGEPIDER,Tier2,Walnut_MCP_Fan2023,complex_or_hydrolysate_level_assay,145,1.0
ISITDFGGVGDGR,Tier2,Walnut_MCP_Fan2023,complex_or_hydrolysate_level_assay,116,1.0
LQLWDTAGQER,Tier2,Walnut_MCP_Fan2023,complex_or_hydrolysate_level_assay,16,0.0
LTDQHPEQIVTSEAKGS,Tier2,Walnut_MCP_Fan2023,complex_or_hydrolysate_level_assay,70,1.0
SMLLTGGSASGGL,Tier2,Walnut_MCP_Fan2023,complex_or_hydrolysate_level_assay,38,0.0
TGLVIDSGDGVTH,Tier2,Walnut_MCP_Fan2023,complex_or_hydrolysate_level_assay,77,0.0
TIHSDHEGGNVSAH,Tier2,Walnut_MCP_Fan2023,complex_or_hydrolysate_level_assay,101,1.0
TTGIVLDSGDGVSH,Tier2,Walnut_MCP_Fan2023,complex_or_hydrolysate_level_assay,77,0.0
VSAVNVKQEHSAS,Tier2,Walnut_MCP_Fan2023,complex_or_hydrolysate_level_assay,18,1.0
YLAGNPHQQQQGGR,Tier2,Walnut_MCP_Fan2023,complex_or_hydrolysate_level_assay,102,1.0
ASEGGHG,Tier2,RiceBran_MCP_Fernandez2025,per_peptide_functional_assay,824,0.0
FVVPSGHPI,Tier2,RiceBran_MCP_Fernandez2025,per_peptide_functional_assay,825,0.0
GPHWPLPPF,Tier2,RiceBran_MCP_Fernandez2025,per_peptide_functional_assay,826,0.0
HWPLPPF,Tier2,RiceBran_MCP_Fernandez2025,per_peptide_functional_assay,827,1.0
PHWPLPPF,Tier2,RiceBran_MCP_Fernandez2025,per_peptide_functional_assay,828,1.0
RHASEGG,Tier2,RiceBran_MCP_Fernandez2025,per_peptide_functional_assay,829,0.0
RHASEGGHG,Tier2,RiceBran_MCP_Fernandez2025,per_peptide_functional_assay,830,1.0
VPSGHPI,Tier2,RiceBran_MCP_Fernandez2025,per_peptide_functional_assay,831,0.0
VVPSGHPI,Tier2,RiceBran_MCP_Fernandez2025,per_peptide_functional_assay,832,1.0
AIVIL,Tier2,MungBean_MCP_Chunkao2020,per_peptide_functional_assay,833,1.0
AQKIPAGT,Tier2,MungBean_MCP_Chunkao2020,per_peptide_functional_assay,834,0.0
HADAD,Tier2,MungBean_MCP_Chunkao2020,per_peptide_functional_assay,835,1.0
ILAGPTTI,Tier2,MungBean_MCP_Chunkao2020,per_peptide_functional_assay,836,0.0
KKGVLGLA,Tier2,MungBean_MCP_Chunkao2020,per_peptide_functional_assay,837,1.0
LLGIL,Tier2,MungBean_MCP_Chunkao2020,per_peptide_functional_assay,838,0.0
LLLGI,Tier2,MungBean_MCP_Chunkao2020,per_peptide_functional_assay,839,0.0
LLLLG,Tier2,MungBean_MCP_Chunkao2020,per_peptide_functional_assay,840,1.0
PAIDL,Tier2,MungBean_MCP_Chunkao2020,per_peptide_functional_assay,841,1.0
RAILTLV,Tier2,MungBean_MCP_Chunkao2020,per_peptide_functional_assay,842,1.0
CGN,Tier2,MungBeanMeal_MCP_Sonklin2021,per_peptide_functional_assay,843,1.0
CSGD,Tier2,MungBeanMeal_MCP_Sonklin2021,per_peptide_functional_assay,844,0.0
CTN,Tier2,MungBeanMeal_MCP_Sonklin2021,per_peptide_functional_assay,845,1.0
ERF,Tier2,MungBeanMeal_MCP_Sonklin2021,per_peptide_functional_assay,846,1.0
EYW,Tier2,MungBeanMeal_MCP_Sonklin2021,per_peptide_functional_assay,847,1.0
FLQL,Tier2,MungBeanMeal_MCP_Sonklin2021,per_peptide_functional_assay,848,1.0
LAF,Tier2,MungBeanMeal_MCP_Sonklin2021,per_peptide_functional_assay,849,0.0
LAN,Tier2,MungBeanMeal_MCP_Sonklin2021,per_peptide_functional_assay,850,0.0
MMGW,Tier2,MungBeanMeal_MCP_Sonklin2021,per_peptide_functional_assay,851,0.0
QFAAD,Tier2,MungBeanMeal_MCP_Sonklin2021,per_peptide_functional_assay,852,1.0
QFAW,Tier2,MungBeanMeal_MCP_Sonklin2021,per_peptide_functional_assay,853,1.0
ALP,Tier3,Multi-AOP,database_binary_label,854,
PQIPEQF,Tier3,Multi-AOP,database_binary_label,855,
YNILSGFDTEL,Tier3,Multi-AOP,database_binary_label,118,
SMRKPPG,Tier3,Multi-AOP,database_binary_label,856,
ADASVLPK,Tier3,Multi-AOP,database_binary_label,857,
AQK,Tier3,Multi-AOP,database_binary_label,858,
FDK,Tier3,Multi-AOP,database_binary_label,859,
YIEAVNKVSPRAGQF,Tier3,Multi-AOP,database_binary_label,88,
FDYDPR,Tier3,Multi-AOP,database_binary_label,860,
IPIQY,Tier3,Multi-AOP,database_binary_label,861,
KVL,Tier3,Multi-AOP,database_binary_label,862,
GLDIQK,Tier3,Multi-AOP,database_binary_label,863,
DLE,Tier3,Multi-AOP,database_binary_label,864,
LNE,Tier3,Multi-AOP,database_binary_label,865,
AELQVVDHLGQTV,Tier3,Multi-AOP,database_binary_label,117,
GDL,Tier3,Multi-AOP,database_binary_label,866,
LLAPPER,Tier3,Multi-AOP,database_binary_label,867,
PAV,Tier3,Multi-AOP,database_binary_label,868,
VLDTGLAGA,Tier3,Multi-AOP,database_binary_label,869,
LVSGM,Tier3,Multi-AOP,database_binary_label,870,
QLE,Tier3,Multi-AOP,database_binary_label,871,
VFD,Tier3,Multi-AOP,database_binary_label,872,
PEV,Tier3,Multi-AOP,database_binary_label,873,
AEFAES,Tier3,Multi-AOP,database_binary_label,874,
TKI,Tier3,Multi-AOP,database_binary_label,875,
PEG,Tier3,Multi-AOP,database_binary_label,876,
ESIINF,Tier3,Multi-AOP,database_binary_label,877,
EFFDVSNEQ,Tier3,Multi-AOP,database_binary_label,878,
GAQ,Tier3,Multi-AOP,database_binary_label,879,
VTQ,Tier3,Multi-AOP,database_binary_label,880,
VLPIPQ,Tier3,Multi-AOP,database_binary_label,881,
ILL,Tier3,Multi-AOP,database_binary_label,882,
QAL,Tier3,Multi-AOP,database_binary_label,883,
AEP,Tier3,Multi-AOP,database_binary_label,884,
YSK,Tier3,Multi-AOP,database_binary_label,885,
VGPLSPT,Tier3,Multi-AOP,database_binary_label,886,
GEPGPPGPPGPPGPPG,Tier3,Multi-AOP,database_binary_label,48,
VQVTSTAV,Tier3,Multi-AOP,database_binary_label,887,
VVVVPH,Tier3,Multi-AOP,database_binary_label,888,
MPVHTDAD,Tier3,Multi-AOP,database_binary_label,889,
QVVRSDQGSVR,Tier3,Multi-AOP,database_binary_label,161,
TAAIVNTA,Tier3,Multi-AOP,database_binary_label,890,
PTP,Tier3,Multi-AOP,database_binary_label,891,
DDLPR,Tier3,Multi-AOP,database_binary_label,892,
KAL,Tier3,Multi-AOP,database_binary_label,893,
VLV,Tier3,Multi-AOP,database_binary_label,894,
FFNPVH,Tier3,Multi-AOP,database_binary_label,895,
VLNSNAAPLPN,Tier3,Multi-AOP,database_binary_label,1,
ENG,Tier3,Multi-AOP,database_binary_label,896,
KKI,Tier3,Multi-AOP,database_binary_label,897,
RVY,Tier3,Multi-AOP,database_binary_label,898,
HVIKPPSRA,Tier3,Multi-AOP,database_binary_label,899,
DAQ,Tier3,Multi-AOP,database_binary_label,900,
LKKISQ,Tier3,Multi-AOP,database_binary_label,901,
SLA,Tier3,Multi-AOP,database_binary_label,902,
ALA,Tier3,Multi-AOP,database_binary_label,903,
AEK,Tier3,Multi-AOP,database_binary_label,904,
DSAI,Tier3,Multi-AOP,database_binary_label,905,
VLSTSFPPK,Tier3,Multi-AOP,database_binary_label,906,
SSGFTY,Tier3,Multi-AOP,database_binary_label,907,
RTP,Tier3,Multi-AOP,database_binary_label,908,
RPSYT,Tier3,Multi-AOP,database_binary_label,909,
DPAQPNYPWTAVLVFRH,Tier3,Multi-AOP,database_binary_label,71,
PTQ,Tier3,Multi-AOP,database_binary_label,910,
TFD,Tier3,Multi-AOP,database_binary_label,911,
PPHMLP,Tier3,Multi-AOP,database_binary_label,912,
YKK,Tier3,Multi-AOP,database_binary_label,913,
VTGRFAGHPAAQ,Tier3,Multi-AOP,database_binary_label,60,
RLS,Tier3,Multi-AOP,database_binary_label,914,
PLPPHMLP,Tier3,Multi-AOP,database_binary_label,915,
KIP,Tier3,Multi-AOP,database_binary_label,916,
LLNPT,Tier3,Multi-AOP,database_binary_label,917,
TPSPR,Tier3,Multi-AOP,database_binary_label,918,
IVF,Tier3,Multi-AOP,database_binary_label,919,
MSEGSGAADVEGPS,Tier3,Multi-AOP,database_binary_label,9,
VEIPHD,Tier3,Multi-AOP,database_binary_label,920,
QIGLF,Tier3,Multi-AOP,database_binary_label,921,
GASRHWYFL,Tier3,Multi-AOP,database_binary_label,922,
EVR,Tier3,Multi-AOP,database_binary_label,923,
LAL,Tier3,Multi-AOP,database_binary_label,924,
GAA,Tier3,Multi-AOP,database_binary_label,925,
VCDADPSSPVPEA,Tier3,Multi-AOP,database_binary_label,96,
DTGSDKKQL,Tier3,Multi-AOP,database_binary_label,926,
YPYY,Tier3,Multi-AOP,database_binary_label,927,
YVHPFHL,Tier3,Multi-AOP,database_binary_label,928,
AMA,Tier3,Multi-AOP,database_binary_label,929,
GPAGDY,Tier3,Multi-AOP,database_binary_label,930,
HPHPHLSF,Tier3,Multi-AOP,database_binary_label,931,
LDI,Tier3,Multi-AOP,database_binary_label,932,
YGL,Tier3,Multi-AOP,database_binary_label,933,
VSLPEW,Tier3,Multi-AOP,database_binary_label,934,
QNIFSGFSTELLS,Tier3,Multi-AOP,database_binary_label,118,
LRV,Tier3,Multi-AOP,database_binary_label,935,
AAAAAGGGEGEG,Tier3,Multi-AOP,database_binary_label,38,
VLEESKGAPKPN,Tier3,Multi-AOP,database_binary_label,23,
ALGGA,Tier3,Multi-AOP,database_binary_label,936,
EGD,Tier3,Multi-AOP,database_binary_label,937,
LPYPY,Tier3,Multi-AOP,database_binary_label,938,
EQEEEESTGRMK,Tier3,Multi-AOP,database_binary_label,104,
TNGIIR,Tier3,Multi-AOP,database_binary_label,939,
NMAVPDALAGPL,Tier3,Multi-AOP,database_binary_label,43,
YGGVSLPEW,Tier3,Multi-AOP,database_binary_label,940,
AGCGCEAMFAGA,Tier3,Multi-AOP,database_binary_label,60,
HNAVDSQIAGKA,Tier3,Multi-AOP,database_binary_label,21,
EFFDVSNELFQ,Tier3,Multi-AOP,database_binary_label,162,
YEGS,Tier3,Multi-AOP,database_binary_label,941,
CAGVSAIR,Tier3,Multi-AOP,database_binary_label,942,
IVQNNDSTEYG,Tier3,Multi-AOP,database_binary_label,163,
ELK,Tier3,Multi-AOP,database_binary_label,943,
SAP,Tier3,Multi-AOP,database_binary_label,944,
SPYCYG,Tier3,Multi-AOP,database_binary_label,945,
RDILNQ,Tier3,Multi-AOP,database_binary_label,946,
VRT,Tier3,Multi-AOP,database_binary_label,947,
KEFLLAGNNNRA,Tier3,Multi-AOP,database_binary_label,78,
YINQMPQKSREA,Tier3,Multi-AOP,database_binary_label,146,
FDGEVK,Tier3,Multi-AOP,database_binary_label,948,
TVFDGELR,Tier3,Multi-AOP,database_binary_label,949,
DKLDLSDLAHEY,Tier3,Multi-AOP,database_binary_label,56,
RWAEK,Tier3,Multi-AOP,database_binary_label,950,
AAVKKMYDIQAKK,Tier3,Multi-AOP,database_binary_label,119,
LDYE,Tier3,Multi-AOP,database_binary_label,951,
FDTADLPSGKGYL,Tier3,Multi-AOP,database_binary_label,120,
LEI,Tier3,Multi-AOP,database_binary_label,952,
VPLSPT,Tier3,Multi-AOP,database_binary_label,953,
GGRLDSGKQPPRQ,Tier3,Multi-AOP,database_binary_label,121,
DTD,Tier3,Multi-AOP,database_binary_label,954,
LDT,Tier3,Multi-AOP,database_binary_label,955,
CLL,Tier3,Multi-AOP,database_binary_label,956,
GEQQQQPGMTR,Tier3,Multi-AOP,database_binary_label,29,
YPSPV,Tier3,Multi-AOP,database_binary_label,957,
NVNYVELLVAPNVDL,Tier3,Multi-AOP,database_binary_label,89,
NPT,Tier3,Multi-AOP,database_binary_label,958,
LQGMP,Tier3,Multi-AOP,database_binary_label,959,
YQKF,Tier3,Multi-AOP,database_binary_label,960,
ALE,Tier3,Multi-AOP,database_binary_label,961,
ISL,Tier3,Multi-AOP,database_binary_label,962,
FLDALLKTVDCN,Tier3,Multi-AOP,database_binary_label,105,
EQS,Tier3,Multi-AOP,database_binary_label,963,
EIL,Tier3,Multi-AOP,database_binary_label,964,
YVNDAATLLPR,Tier3,Multi-AOP,database_binary_label,164,
MCYPAST,Tier3,Multi-AOP,database_binary_label,965,
TPE,Tier3,Multi-AOP,database_binary_label,966,
LLF,Tier3,Multi-AOP,database_binary_label,967,
HAEIN,Tier3,Multi-AOP,database_binary_label,968,
CGA,Tier3,Multi-AOP,database_binary_label,969,
KVA,Tier3,Multi-AOP,database_binary_label,970,
NMGPLLPQ,Tier3,Multi-AOP,database_binary_label,971,
SPFLQSAAFQLRN,Tier3,Multi-AOP,database_binary_label,40,
QKV,Tier3,Multi-AOP,database_binary_label,972,
LDA,Tier3,Multi-AOP,database_binary_label,973,
MDATALHYENQK,Tier3,Multi-AOP,database_binary_label,2,
GDRFQDQHQ,Tier3,Multi-AOP,database_binary_label,974,
VVYFDQTQAQA,Tier3,Multi-AOP,database_binary_label,122,
VVALALI,Tier3,Multi-AOP,database_binary_label,975,
SVPQPK,Tier3,Multi-AOP,database_binary_label,976,
ALPMHIR,Tier3,Multi-AOP,database_binary_label,977,
VLPVP,Tier3,Multi-AOP,database_binary_label,978,
LER,Tier3,Multi-AOP,database_binary_label,979,
AVF,Tier3,Multi-AOP,database_binary_label,980,
IVAGPQ,Tier3,Multi-AOP,database_binary_label,981,
LSF,Tier3,Multi-AOP,database_binary_label,982,
ALSAF,Tier3,Multi-AOP,database_binary_label,983,
VVSNFGKTVFDGVL,Tier3,Multi-AOP,database_binary_label,32,
ACNLPRMC,Tier3,Multi-AOP,database_binary_label,984,
KPYVFRATGAL,Tier3,Multi-AOP,database_binary_label,12,
MLELDPLNNLPRM,Tier3,Multi-AOP,database_binary_label,7,
LAGNPHQQQQN,Tier3,Multi-AOP,database_binary_label,31,
NYPSD,Tier3,Multi-AOP,database_binary_label,985,
QKK,Tier3,Multi-AOP,database_binary_label,986,
TQL,Tier3,Multi-AOP,database_binary_label,987,
HLPLP,Tier3,Multi-AOP,database_binary_label,988,
HIR,Tier3,Multi-AOP,database_binary_label,989,
EYNNHGSFREAHPGA,Tier3,Multi-AOP,database_binary_label,90,
SVL,Tier3,Multi-AOP,database_binary_label,990,
FGERR,Tier3,Multi-AOP,database_binary_label,991,
DSAIDLGD,Tier3,Multi-AOP,database_binary_label,992,
EIPT,Tier3,Multi-AOP,database_binary_label,993,
FDGLPAKPAKKEETR,Tier3,Multi-AOP,database_binary_label,24,
WPRGYFL,Tier3,Multi-AOP,database_binary_label,994,
LVL,Tier3,Multi-AOP,database_binary_label,995,
FNP,Tier3,Multi-AOP,database_binary_label,996,
AGLAPY,Tier3,Multi-AOP,database_binary_label,997,
SGGY,Tier3,Multi-AOP,database_binary_label,998,
GLAGA,Tier3,Multi-AOP,database_binary_label,999,
KHDRGDEF,Tier3,Multi-AOP,database_binary_label,1000,
ALK,Tier3,Multi-AOP,database_binary_label,1001,
LDIQKEV,Tier3,Multi-AOP,database_binary_label,1002,
PLAQPA,Tier3,Multi-AOP,database_binary_label,1003,
MVPYPQR,Tier3,Multi-AOP,database_binary_label,1004,
SSDEEVREEKELDLSSNE,Tier3,Multi-AOP,database_binary_label,59,
WALKGYK,Tier3,Multi-AOP,database_binary_label,1005,
HGPL,Tier3,Multi-AOP,database_binary_label,1006,
FSDKIAK,Tier3,Multi-AOP,database_binary_label,1007,
RVPSLM,Tier3,Multi-AOP,database_binary_label,1008,
AEDKKLIQ,Tier3,Multi-AOP,database_binary_label,1009,
KEEKFE,Tier3,Multi-AOP,database_binary_label,1010,
EEEKNRLTKKTKLT,Tier3,Multi-AOP,database_binary_label,103,
LSSLEMGSLGALFVCM,Tier3,Multi-AOP,database_binary_label,79,
VAW,Tier3,Multi-AOP,database_binary_label,1011,
FGER,Tier3,Multi-AOP,database_binary_label,1012,
YVE,Tier3,Multi-AOP,database_binary_label,1013,
PDLVF,Tier3,Multi-AOP,database_binary_label,1014,
QQFQQSGQAQLTE,Tier3,Multi-AOP,database_binary_label,122,
LKP,Tier3,Multi-AOP,database_binary_label,1015,
EKF,Tier3,Multi-AOP,database_binary_label,1016,
HIAGKSSIFRA,Tier3,Multi-AOP,database_binary_label,165,
APL,Tier3,Multi-AOP,database_binary_label,1017,
IIA,Tier3,Multi-AOP,database_binary_label,1018,
APGAPGPVG,Tier3,Multi-AOP,database_binary_label,1019,
PMH,Tier3,Multi-AOP,database_binary_label,1020,
WSVWEQELEDR,Tier3,Multi-AOP,database_binary_label,17,
SEALGVSSQVARQ,Tier3,Multi-AOP,database_binary_label,123,
EYLARKGGVEVN,Tier3,Multi-AOP,database_binary_label,78,
RGY,Tier3,Multi-AOP,database_binary_label,1021,
EEL,Tier3,Multi-AOP,database_binary_label,1022,
QQRQQQGL,Tier3,Multi-AOP,database_binary_label,1023,
ACGNLPRMC,Tier3,Multi-AOP,database_binary_label,1024,
LEK,Tier3,Multi-AOP,database_binary_label,1025,
LAGKPQQEHSGEHQ,Tier3,Multi-AOP,database_binary_label,69,
NGE,Tier3,Multi-AOP,database_binary_label,1026,
ENS,Tier3,Multi-AOP,database_binary_label,1027,
ASD,Tier3,Multi-AOP,database_binary_label,1028,
SLL,Tier3,Multi-AOP,database_binary_label,1029,
LPENAKVDQVK,Tier3,Multi-AOP,database_binary_label,166,
VHLKP,Tier3,Multi-AOP,database_binary_label,1030,
AGT,Tier3,Multi-AOP,database_binary_label,1031,
SGGSYADELVSTAK,Tier3,Multi-AOP,database_binary_label,24,
EAL,Tier3,Multi-AOP,database_binary_label,1032,
GFVG,Tier3,Multi-AOP,database_binary_label,1033,
ADVFNPR,Tier3,Multi-AOP,database_binary_label,1034,
ENK,Tier3,Multi-AOP,database_binary_label,1035,
ISQAVHAHAEINEAGR,Tier3,Multi-AOP,database_binary_label,80,
DAL,Tier3,Multi-AOP,database_binary_label,1036,
IIAEK,Tier3,Multi-AOP,database_binary_label,1037,
TQT,Tier3,Multi-AOP,database_binary_label,1038,
SFN,Tier3,Multi-AOP,database_binary_label,1039,
YGNWLYK,Tier3,Multi-AOP,database_binary_label,1040,
HDHAERFSGHDNED,Tier3,Multi-AOP,database_binary_label,56,
SAE,Tier3,Multi-AOP,database_binary_label,1041,
VLD,Tier3,Multi-AOP,database_binary_label,1042,
VEGNLQVLRPR,Tier3,Multi-AOP,database_binary_label,25,
KPT,Tier3,Multi-AOP,database_binary_label,1043,
VYV,Tier3,Multi-AOP,database_binary_label,1044,
EVPKA,Tier3,Multi-AOP,database_binary_label,1045,
ALN,Tier3,Multi-AOP,database_binary_label,1046,
TPEVDDEALKE,Tier3,Multi-AOP,database_binary_label,70,
IQK,Tier3,Multi-AOP,database_binary_label,1047,
MNGEKKKAPLGDE,Tier3,Multi-AOP,database_binary_label,19,
RGQVIYVL,Tier3,Multi-AOP,database_binary_label,1048,
IRL,Tier3,Multi-AOP,database_binary_label,1049,
CVPEVDPLLLRAE,Tier3,Multi-AOP,database_binary_label,124,
GLD,Tier3,Multi-AOP,database_binary_label,1050,
ASPKPSSA,Tier3,Multi-AOP,database_binary_label,1051,
PQFYW,Tier3,Multi-AOP,database_binary_label,1052,
LELPLK,Tier3,Multi-AOP,database_binary_label,1053,
TEFHLL,Tier3,Multi-AOP,database_binary_label,1054,
EPDRY,Tier3,Multi-AOP,database_binary_label,1055,
SDI,Tier3,Multi-AOP,database_binary_label,1056,
TVGGAPAGRIVME,Tier3,Multi-AOP,database_binary_label,21,
IVT,Tier3,Multi-AOP,database_binary_label,1057,
WGLETAGSVVLLDLQ,Tier3,Multi-AOP,database_binary_label,25,
IPA,Tier3,Multi-AOP,database_binary_label,1058,
HYEG,Tier3,Multi-AOP,database_binary_label,1059,
SVDSQTAF,Tier3,Multi-AOP,database_binary_label,1060,
KKSKADLTEVTHK,Tier3,Multi-AOP,database_binary_label,125,
HQP,Tier3,Multi-AOP,database_binary_label,1061,
VGAPSVS,Tier3,Multi-AOP,database_binary_label,1062,
DLVKVEA,Tier3,Multi-AOP,database_binary_label,1063,
FVSACSVAG,Tier3,Multi-AOP,database_binary_label,1064,
VKELY,Tier3,Multi-AOP,database_binary_label,1065,
GPPGPPGPP,Tier3,Multi-AOP,database_binary_label,1066,
AGNDGFEYVTLK,Tier3,Multi-AOP,database_binary_label,114,
NGPLLPSDEMDRA,Tier3,Multi-AOP,database_binary_label,126,
IAE,Tier3,Multi-AOP,database_binary_label,1067,
LVYIIQGR,Tier3,Multi-AOP,database_binary_label,1068,
LEE,Tier3,Multi-AOP,database_binary_label,1069,
GGNYVGVP,Tier3,Multi-AOP,database_binary_label,1070,
RYQKF,Tier3,Multi-AOP,database_binary_label,1071,
FSGGE,Tier3,Multi-AOP,database_binary_label,1072,
LWHTH,Tier3,Multi-AOP,database_binary_label,1073,
FPGLADR,Tier3,Multi-AOP,database_binary_label,1074,
LQK,Tier3,Multi-AOP,database_binary_label,1075,
SSAPGGGRP,Tier3,Multi-AOP,database_binary_label,1076,
KVR,Tier3,Multi-AOP,database_binary_label,1077,
QSL,Tier3,Multi-AOP,database_binary_label,1078,
YQETSSSSSQEQ,Tier3,Multi-AOP,database_binary_label,147,
FIMGPY,Tier3,Multi-AOP,database_binary_label,1079,
DLDLRKDLYAN,Tier3,Multi-AOP,database_binary_label,86,
PLPLHMLP,Tier3,Multi-AOP,database_binary_label,1080,
SAGNPN,Tier3,Multi-AOP,database_binary_label,1081,
FSL,Tier3,Multi-AOP,database_binary_label,1082,
LAM,Tier3,Multi-AOP,database_binary_label,1083,
KAQYPYV,Tier3,Multi-AOP,database_binary_label,1084,
IPAVFK,Tier3,Multi-AOP,database_binary_label,1085,
VAG,Tier3,Multi-AOP,database_binary_label,1086,
DIQ,Tier3,Multi-AOP,database_binary_label,1087,
KII,Tier3,Multi-AOP,database_binary_label,1088,
HLPLPLL,Tier3,Multi-AOP,database_binary_label,1089,
RINK,Tier3,Multi-AOP,database_binary_label,1090,
HVAGTVA,Tier3,Multi-AOP,database_binary_label,1091,
TAGTGGGQFQPMR,Tier3,Multi-AOP,database_binary_label,127,
ALT,Tier3,Multi-AOP,database_binary_label,1092,
AVYVYDVNNNANQ,Tier3,Multi-AOP,database_binary_label,1,
FNVVLK,Tier3,Multi-AOP,database_binary_label,1093,
KFD,Tier3,Multi-AOP,database_binary_label,1094,
WLLYLDGPPMGLT,Tier3,Multi-AOP,database_binary_label,128,
AQQQEQAQQQEQ,Tier3,Multi-AOP,database_binary_label,122,
EEQ,Tier3,Multi-AOP,database_binary_label,1095,
QAGTGAGAGGGAGTKTSS,Tier3,Multi-AOP,database_binary_label,60,
QPSSVDSQTAM,Tier3,Multi-AOP,database_binary_label,167,
QTDSHGNDRLLLT,Tier3,Multi-AOP,database_binary_label,129,
LLL,Tier3,Multi-AOP,database_binary_label,1096,
SVNVPL,Tier3,Multi-AOP,database_binary_label,1097,
VAPFPEVF,Tier3,Multi-AOP,database_binary_label,1098,
AAAAG,Tier3,Multi-AOP,database_binary_label,1099,
VVLYR,Tier3,Multi-AOP,database_binary_label,1100,
KGL,Tier3,Multi-AOP,database_binary_label,1101,
GNPIPREPGQVPAY,Tier3,Multi-AOP,database_binary_label,1,
INY,Tier3,Multi-AOP,database_binary_label,1102,
VALDGGL,Tier3,Multi-AOP,database_binary_label,1103,
AQS,Tier3,Multi-AOP,database_binary_label,1104,
LVR,Tier3,Multi-AOP,database_binary_label,1105,
ACSNHSPLGWRGH,Tier3,Multi-AOP,database_binary_label,130,
GEY,Tier3,Multi-AOP,database_binary_label,1106,
FND,Tier3,Multi-AOP,database_binary_label,1107,
AQA,Tier3,Multi-AOP,database_binary_label,1108,
GPE,Tier3,Multi-AOP,database_binary_label,1109,
WIR,Tier3,Multi-AOP,database_binary_label,1110,
KYP,Tier3,Multi-AOP,database_binary_label,1111,
KCL,Tier3,Multi-AOP,database_binary_label,1112,
LLA,Tier3,Multi-AOP,database_binary_label,1113,
TCG,Tier3,Multi-AOP,database_binary_label,1114,
ALI,Tier3,Multi-AOP,database_binary_label,1115,
LIV,Tier3,Multi-AOP,database_binary_label,1116,
TMK,Tier3,Multi-AOP,database_binary_label,1117,
MKG,Tier3,Multi-AOP,database_binary_label,1118,
TWY,Tier3,Multi-AOP,database_binary_label,1119,
YSL,Tier3,Multi-AOP,database_binary_label,1120,
MAA,Tier3,Multi-AOP,database_binary_label,1121,
AAS,Tier3,Multi-AOP,database_binary_label,1122,
DIS,Tier3,Multi-AOP,database_binary_label,1123,
LLD,Tier3,Multi-AOP,database_binary_label,1124,
VEE,Tier3,Multi-AOP,database_binary_label,1125,
LLQ,Tier3,Multi-AOP,database_binary_label,1126,
KWE,Tier3,Multi-AOP,database_binary_label,1127,
EKT,Tier3,Multi-AOP,database_binary_label,1128,
KTK,Tier3,Multi-AOP,database_binary_label,1129,
VFK,Tier3,Multi-AOP,database_binary_label,1130,
KID,Tier3,Multi-AOP,database_binary_label,1131,
NKV,Tier3,Multi-AOP,database_binary_label,1132,
MEN,Tier3,Multi-AOP,database_binary_label,1133,
NSA,Tier3,Multi-AOP,database_binary_label,1134,
EPE,Tier3,Multi-AOP,database_binary_label,1135,
PEQ,Tier3,Multi-AOP,database_binary_label,1136,
EVD,Tier3,Multi-AOP,database_binary_label,1137,
VDD,Tier3,Multi-AOP,database_binary_label,1138,
DEA,Tier3,Multi-AOP,database_binary_label,1139,
DKA,Tier3,Multi-AOP,database_binary_label,1140,
WAF,Tier3,Multi-AOP,database_binary_label,1141,
MKW,Tier3,Multi-AOP,database_binary_label,1142,
STW,Tier3,Multi-AOP,database_binary_label,1143,
ETW,Tier3,Multi-AOP,database_binary_label,1144,
SVW,Tier3,Multi-AOP,database_binary_label,1145,
CNW,Tier3,Multi-AOP,database_binary_label,1146,
DHW,Tier3,Multi-AOP,database_binary_label,1147,
GQW,Tier3,Multi-AOP,database_binary_label,1148,
MWC,Tier3,Multi-AOP,database_binary_label,1149,
RDY,Tier3,Multi-AOP,database_binary_label,1150,
GSH,Tier3,Multi-AOP,database_binary_label,1151,
ACA,Tier3,Multi-AOP,database_binary_label,1152,
TGC,Tier3,Multi-AOP,database_binary_label,1153,
YPW,Tier3,Multi-AOP,database_binary_label,1154,
LGF,Tier3,Multi-AOP,database_binary_label,1155,
LFV,Tier3,Multi-AOP,database_binary_label,1156,
WLP,Tier3,Multi-AOP,database_binary_label,1157,
ISW,Tier3,Multi-AOP,database_binary_label,1158,
LSW,Tier3,Multi-AOP,database_binary_label,1159,
QAY,Tier3,Multi-AOP,database_binary_label,1160,
YSQ,Tier3,Multi-AOP,database_binary_label,1161,
PHC,Tier3,Multi-AOP,database_binary_label,1162,
YPQ,Tier3,Multi-AOP,database_binary_label,1163,
VVH,Tier3,Multi-AOP,database_binary_label,1164,
FDRR,Tier3,Multi-AOP,database_binary_label,1165,
LDQW,Tier3,Multi-AOP,database_binary_label,1166,
INYW,Tier3,Multi-AOP,database_binary_label,1167,
WIQP,Tier3,Multi-AOP,database_binary_label,1168,
ELIN,Tier3,Multi-AOP,database_binary_label,1169,
IVPK,Tier3,Multi-AOP,database_binary_label,1170,
LVPK,Tier3,Multi-AOP,database_binary_label,1171,
TSTA,Tier3,Multi-AOP,database_binary_label,1172,
GGRP,Tier3,Multi-AOP,database_binary_label,1173,
FLPE,Tier3,Multi-AOP,database_binary_label,1174,
VVLY,Tier3,Multi-AOP,database_binary_label,1175,
EAVQ,Tier3,Multi-AOP,database_binary_label,1176,
FSEY,Tier3,Multi-AOP,database_binary_label,1177,
MFLG,Tier3,Multi-AOP,database_binary_label,1178,
YGFL,Tier3,Multi-AOP,database_binary_label,1179,
YGLF,Tier3,Multi-AOP,database_binary_label,1180,
PLGG,Tier3,Multi-AOP,database_binary_label,1181,
VKRP,Tier3,Multi-AOP,database_binary_label,1182,
IYLGQ,Tier3,Multi-AOP,database_binary_label,1183,
YDTQA,Tier3,Multi-AOP,database_binary_label,1184,
MDGAP,Tier3,Multi-AOP,database_binary_label,1185,
MGSPT,Tier3,Multi-AOP,database_binary_label,1186,
NRYHE,Tier3,Multi-AOP,database_binary_label,1187,
FVLPH,Tier3,Multi-AOP,database_binary_label,1188,
QTPRY,Tier3,Multi-AOP,database_binary_label,1189,
NGRFY,Tier3,Multi-AOP,database_binary_label,1190,
QWDRQ,Tier3,Multi-AOP,database_binary_label,1191,
SHNPF,Tier3,Multi-AOP,database_binary_label,1192,
REPKW,Tier3,Multi-AOP,database_binary_label,1193,
LHSMK,Tier3,Multi-AOP,database_binary_label,1194,
DNLLN,Tier3,Multi-AOP,database_binary_label,1195,
NKGPR,Tier3,Multi-AOP,database_binary_label,1196,
RGLSK,Tier3,Multi-AOP,database_binary_label,1197,
WLMSA,Tier3,Multi-AOP,database_binary_label,1198,
LSNGK,Tier3,Multi-AOP,database_binary_label,1199,
LKYPI,Tier3,Multi-AOP,database_binary_label,1200,
YASVV,Tier3,Multi-AOP,database_binary_label,1201,
NFWWP,Tier3,Multi-AOP,database_binary_label,1202,
FWKVV,Tier3,Multi-AOP,database_binary_label,1203,
TWKVV,Tier3,Multi-AOP,database_binary_label,1204,
FMPLH,Tier3,Multi-AOP,database_binary_label,1205,
YFLWP,Tier3,Multi-AOP,database_binary_label,1206,
WVWWW,Tier3,Multi-AOP,database_binary_label,1207,
VIAPW,Tier3,Multi-AOP,database_binary_label,1208,
MWKVW,Tier3,Multi-AOP,database_binary_label,1209,
LPILR,Tier3,Multi-AOP,database_binary_label,1210,
VIEPR,Tier3,Multi-AOP,database_binary_label,1211,
YPFVE,Tier3,Multi-AOP,database_binary_label,1212,
YGFLP,Tier3,Multi-AOP,database_binary_label,1213,
QIESW,Tier3,Multi-AOP,database_binary_label,1214,
IPIGP,Tier3,Multi-AOP,database_binary_label,1215,
YPLDL,Tier3,Multi-AOP,database_binary_label,1216,
TSNLLT,Tier3,Multi-AOP,database_binary_label,1217,
LMRWMR,Tier3,Multi-AOP,database_binary_label,1218,
DWMKGQ,Tier3,Multi-AOP,database_binary_label,1219,
WCTSVS,Tier3,Multi-AOP,database_binary_label,1220,
DHPFLF,Tier3,Multi-AOP,database_binary_label,1221,
TMFPSA,Tier3,Multi-AOP,database_binary_label,1222,
SDWDRF,Tier3,Multi-AOP,database_binary_label,1223,
WVAPLK,Tier3,Multi-AOP,database_binary_label,1224,
LHDELT,Tier3,Multi-AOP,database_binary_label,1225,
QRNNPY,Tier3,Multi-AOP,database_binary_label,1226,
WDTRGQ,Tier3,Multi-AOP,database_binary_label,1227,
VSPHLP,Tier3,Multi-AOP,database_binary_label,1228,
WNMNAH,Tier3,Multi-AOP,database_binary_label,1229,
SDGFQF,Tier3,Multi-AOP,database_binary_label,1230,
TPCPPQ,Tier3,Multi-AOP,database_binary_label,1231,
LLCVAV,Tier3,Multi-AOP,database_binary_label,1232,
YFYPQL,Tier3,Multi-AOP,database_binary_label,1233,
GFGPGL,Tier3,Multi-AOP,database_binary_label,1234,
LTTLDS,Tier3,Multi-AOP,database_binary_label,1235,
MPACGS,Tier3,Multi-AOP,database_binary_label,1236,
FDPFPK,Tier3,Multi-AOP,database_binary_label,1237,
LEDGLK,Tier3,Multi-AOP,database_binary_label,1238,
IDDVLK,Tier3,Multi-AOP,database_binary_label,1239,
MLLFPM,Tier3,Multi-AOP,database_binary_label,1240,
RDKVYR,Tier3,Multi-AOP,database_binary_label,1241,
LTEIIP,Tier3,Multi-AOP,database_binary_label,1242,
YPFVVN,Tier3,Multi-AOP,database_binary_label,1243,
YPLDLF,Tier3,Multi-AOP,database_binary_label,1244,
YLGYLE,Tier3,Multi-AOP,database_binary_label,1245,
NWEKIR,Tier3,Multi-AOP,database_binary_label,1246,
RWWQLR,Tier3,Multi-AOP,database_binary_label,1247,
AIILHQ,Tier3,Multi-AOP,database_binary_label,1248,
DLTDFL,Tier3,Multi-AOP,database_binary_label,1249,
VLLHLK,Tier3,Multi-AOP,database_binary_label,1250,
DKIHPF,Tier3,Multi-AOP,database_binary_label,1251,
VPYPQR,Tier3,Multi-AOP,database_binary_label,1252,
SGYYMH,Tier3,Multi-AOP,database_binary_label,1253,
LGTFQN,Tier3,Multi-AOP,database_binary_label,1254,
LHALLL,Tier3,Multi-AOP,database_binary_label,1255,
VLPVPEK,Tier3,Multi-AOP,database_binary_label,1256,
SSGFTMQ,Tier3,Multi-AOP,database_binary_label,1257,
EAAVYPL,Tier3,Multi-AOP,database_binary_label,1258,
APGAGVY,Tier3,Multi-AOP,database_binary_label,1259,
YYQQKPV,Tier3,Multi-AOP,database_binary_label,1260,
LPDEVSG,Tier3,Multi-AOP,database_binary_label,1261,
QFLLAGR,Tier3,Multi-AOP,database_binary_label,1262,
NQNGRFY,Tier3,Multi-AOP,database_binary_label,1263,
GSIFVPH,Tier3,Multi-AOP,database_binary_label,1264,
HHQDPPW,Tier3,Multi-AOP,database_binary_label,1265,
VGGDGDV,Tier3,Multi-AOP,database_binary_label,1266,
IIAPPER,Tier3,Multi-AOP,database_binary_label,1267,
LAPSTIK,Tier3,Multi-AOP,database_binary_label,1268,
AGDDAPR,Tier3,Multi-AOP,database_binary_label,1269,
FKGPACA,Tier3,Multi-AOP,database_binary_label,1270,
SVLGTGC,Tier3,Multi-AOP,database_binary_label,1271,
YPFPGPI,Tier3,Multi-AOP,database_binary_label,1272,
RYLGYLE,Tier3,Multi-AOP,database_binary_label,1273,
IDLGTTY,Tier3,Multi-AOP,database_binary_label,1274,
GEGFFEM,Tier3,Multi-AOP,database_binary_label,1275,
APGIIPR,Tier3,Multi-AOP,database_binary_label,1276,
AEYVRLY,Tier3,Multi-AOP,database_binary_label,1277,
AIILHQQ,Tier3,Multi-AOP,database_binary_label,1278,
HQTSEFK,Tier3,Multi-AOP,database_binary_label,1279,
IILHQQQ,Tier3,Multi-AOP,database_binary_label,1280,
PSIVGRP,Tier3,Multi-AOP,database_binary_label,1281,
KVLPVPE,Tier3,Multi-AOP,database_binary_label,1282,
KVLPVPQ,Tier3,Multi-AOP,database_binary_label,1283,
DAQEFKR,Tier3,Multi-AOP,database_binary_label,1284,
KVLPVPEK,Tier3,Multi-AOP,database_binary_label,1285,
HTVQCMFQ,Tier3,Multi-AOP,database_binary_label,1286,
YPKLAPNE,Tier3,Multi-AOP,database_binary_label,1287,
FVAPFPEV,Tier3,Multi-AOP,database_binary_label,1288,
GMPGFDVR,Tier3,Multi-AOP,database_binary_label,1289,
YSNQNGRF,Tier3,Multi-AOP,database_binary_label,1290,
PQGPIGVP,Tier3,Multi-AOP,database_binary_label,1291,
SRGLPGME,Tier3,Multi-AOP,database_binary_label,1292,
PAGLPGPA,Tier3,Multi-AOP,database_binary_label,1293,
VAPEEHPV,Tier3,Multi-AOP,database_binary_label,1294,
NYVADGLG,Tier3,Multi-AOP,database_binary_label,1295,
LQAEQDDR,Tier3,Multi-AOP,database_binary_label,1296,
FAPVPFDF,Tier3,Multi-AOP,database_binary_label,1297,
YPFPGPIP,Tier3,Multi-AOP,database_binary_label,1298,
YPFPGPIN,Tier3,Multi-AOP,database_binary_label,1299,
IGFLIIWV,Tier3,Multi-AOP,database_binary_label,1300,
AGWACLVG,Tier3,Multi-AOP,database_binary_label,1301,
AIILHQQQ,Tier3,Multi-AOP,database_binary_label,1302,
GTFLQPHQ,Tier3,Multi-AOP,database_binary_label,1303,
LTADILPR,Tier3,Multi-AOP,database_binary_label,1304,
VAITLTMK,Tier3,Multi-AOP,database_binary_label,1305,
VLPPQQQY,Tier3,Multi-AOP,database_binary_label,1306,
VPPSKLSP,Tier3,Multi-AOP,database_binary_label,1307,
VSKSVLVK,Tier3,Multi-AOP,database_binary_label,1308,
DNIPIVIR,Tier3,Multi-AOP,database_binary_label,1309,
EALEAMFL,Tier3,Multi-AOP,database_binary_label,1310,
ITFAAYRR,Tier3,Multi-AOP,database_binary_label,1311,
HPVPPKKK,Tier3,Multi-AOP,database_binary_label,1312,
GEPGPPGAP,Tier3,Multi-AOP,database_binary_label,1313,
LARNATPPR,Tier3,Multi-AOP,database_binary_label,1314,
LADGVAAPA,Tier3,Multi-AOP,database_binary_label,1315,
LSKAQSDFG,Tier3,Multi-AOP,database_binary_label,1316,
VLSPPFTGE,Tier3,Multi-AOP,database_binary_label,1317,
WIHNENQGF,Tier3,Multi-AOP,database_binary_label,1318,
QGLQGLPGT,Tier3,Multi-AOP,database_binary_label,1319,
KGPPGEIGR,Tier3,Multi-AOP,database_binary_label,1320,
AAAPVAVAK,Tier3,Multi-AOP,database_binary_label,1321,
YDDGSYKPH,Tier3,Multi-AOP,database_binary_label,1322,
AIGVGAIER,Tier3,Multi-AOP,database_binary_label,1323,
YLAGNQEQE,Tier3,Multi-AOP,database_binary_label,1324,
VVPPFLQPE,Tier3,Multi-AOP,database_binary_label,1325,
PFPEVFGKE,Tier3,Multi-AOP,database_binary_label,1326,
SDPPLVFVG,Tier3,Multi-AOP,database_binary_label,1327,
NLNQCQRYM,Tier3,Multi-AOP,database_binary_label,1328,
WVSPLAGRT,Tier3,Multi-AOP,database_binary_label,1329,
NAVPITPTL,Tier3,Multi-AOP,database_binary_label,1330,
MYGAVTPVK,Tier3,Multi-AOP,database_binary_label,1331,
AFDEGPWPK,Tier3,Multi-AOP,database_binary_label,1332,
AGLQFPVGR,Tier3,Multi-AOP,database_binary_label,1333,
AMPVEVVQF,Tier3,Multi-AOP,database_binary_label,1334,
ENLQNYRLL,Tier3,Multi-AOP,database_binary_label,1335,
ESTAKQVIR,Tier3,Multi-AOP,database_binary_label,1336,
ESTLHLVLR,Tier3,Multi-AOP,database_binary_label,1337,
QTVAVGVIK,Tier3,Multi-AOP,database_binary_label,1338,
VMTVHNTPY,Tier3,Multi-AOP,database_binary_label,1339,
VIESPPEIN,Tier3,Multi-AOP,database_binary_label,1340,
ELQDKIHPF,Tier3,Multi-AOP,database_binary_label,1341,
YPFPGPIPN,Tier3,Multi-AOP,database_binary_label,1342,
QTFQYSRGWTN,Tier3,Multi-AOP,database_binary_label,168,
LVTGDDKTNLK,Tier3,Multi-AOP,database_binary_label,12,
MPVDVIANAYR,Tier3,Multi-AOP,database_binary_label,169,
HNLDTQTESDV,Tier3,Multi-AOP,database_binary_label,7,
SCQDQPTTLAR,Tier3,Multi-AOP,database_binary_label,170,
YIQKEDVPSER,Tier3,Multi-AOP,database_binary_label,0,
IGINAENNQRN,Tier3,Multi-AOP,database_binary_label,171,
EDELQDKIHPF,Tier3,Multi-AOP,database_binary_label,30,
AVFPSIVGRPR,Tier3,Multi-AOP,database_binary_label,27,
GGVLPNINPVL,Tier3,Multi-AOP,database_binary_label,36,
LAQGTFLQPHQ,Tier3,Multi-AOP,database_binary_label,172,
TKMDEGVVTKK,Tier3,Multi-AOP,database_binary_label,91,
VLVSGSIHYPR,Tier3,Multi-AOP,database_binary_label,9,
NAGPFTPTVNR,Tier3,Multi-AOP,database_binary_label,58,
PAEMVAAALDR,Tier3,Multi-AOP,database_binary_label,13,
KVALMSAGSMH,Tier3,Multi-AOP,database_binary_label,173,
GTPGLQGMPGER,Tier3,Multi-AOP,database_binary_label,9,
GPAGPTGARGAP,Tier3,Multi-AOP,database_binary_label,9,
FVDAQPQQKEEG,Tier3,Multi-AOP,database_binary_label,148,
VIESPPEINTVQ,Tier3,Multi-AOP,database_binary_label,149,
FLKKISQRYQKF,Tier3,Multi-AOP,database_binary_label,7,
HLQDFGSEILPR,Tier3,Multi-AOP,database_binary_label,150,
QDAHVPDNFIPK,Tier3,Multi-AOP,database_binary_label,151,
AAPFPGQKSLQR,Tier3,Multi-AOP,database_binary_label,152,
GPIYSNEFGKFF,Tier3,Multi-AOP,database_binary_label,42,
TVTSLDLPVLRW,Tier3,Multi-AOP,database_binary_label,153,
YFPTQALNFAFK,Tier3,Multi-AOP,database_binary_label,154,
SLVYPFPGPIPN,Tier3,Multi-AOP,database_binary_label,48,
GNQEKVLELVQR,Tier3,Multi-AOP,database_binary_label,7,
GTVFEKKALPGPM,Tier3,Multi-AOP,database_binary_label,131,
LRENNKLMLLELK,Tier3,Multi-AOP,database_binary_label,132,
TIDMESTEVFTKK,Tier3,Multi-AOP,database_binary_label,133,
QETTGVEGPKGDT,Tier3,Multi-AOP,database_binary_label,134,
ASGLCPEEAVPRR,Tier3,Multi-AOP,database_binary_label,135,
MRKPQQEEDDDDE,Tier3,Multi-AOP,database_binary_label,3,
QNWDFCEAWEPCF,Tier3,Multi-AOP,database_binary_label,136,
IKGTIAGGGVIPH,Tier3,Multi-AOP,database_binary_label,0,
GPRGLPGERGRPGA,Tier3,Multi-AOP,database_binary_label,17,
GKHQQEEENEGGSI,Tier3,Multi-AOP,database_binary_label,93,
NALEPDHRVESEGG,Tier3,Multi-AOP,database_binary_label,39,
HEQKEEHEWHRKEE,Tier3,Multi-AOP,database_binary_label,104,
ALPQYLKTVYQHQK,Tier3,Multi-AOP,database_binary_label,105,
IQPKTKVIPYVRYL,Tier3,Multi-AOP,database_binary_label,75,
DLGSTGGRGPSAGM,Tier3,Multi-AOP,database_binary_label,106,
FLPFFAACAITRKC,Tier3,Multi-AOP,database_binary_label,107,
NSSYFVEWIPNNVK,Tier3,Multi-AOP,database_binary_label,108,
MAPAAVAAAEAGSK,Tier3,Multi-AOP,database_binary_label,82,
VLPVPQKKVLPVPQK,Tier3,Multi-AOP,database_binary_label,23,
NTVPAKSCQAQPTTM,Tier3,Multi-AOP,database_binary_label,51,
FLTGLIGGLMKALGK,Tier3,Multi-AOP,database_binary_label,12,
YQGPIVLNPWDQVKR,Tier3,Multi-AOP,database_binary_label,8,
APFPEVFGKEKVNEL,Tier3,Multi-AOP,database_binary_label,40,
GPAGSPGFQGLPGPAG,Tier3,Multi-AOP,database_binary_label,48,
PGAEGAPGRDGAAGPK,Tier3,Multi-AOP,database_binary_label,48,
PGEKGSPGADGPIGAP,Tier3,Multi-AOP,database_binary_label,9,
RFIYMKGFGKPRFGKR,Tier3,Multi-AOP,database_binary_label,81,
FLPVLGKVIKLVGGLL,Tier3,Multi-AOP,database_binary_label,13,
EGGDGGYGGGGGGSRW,Tier3,Multi-AOP,database_binary_label,62,
AAGAAAAARSAGQCGR,Tier3,Multi-AOP,database_binary_label,82,
HKEMQAIFDVYIMFIN,Tier3,Multi-AOP,database_binary_label,83,
YQQPVLGPVRGPFPIIV,Tier3,Multi-AOP,database_binary_label,68,
HKEMPFPKYPVEPFTESQ,Tier3,Multi-AOP,database_binary_label,29,
IGPSSSPDIYNPEAGRIK,Tier3,Multi-AOP,database_binary_label,42,
IWCKDDQNPHSSNISCDKF,Tier3,Multi-AOP,database_binary_label,54,
GGGGYGGGGGGYGGGGGGY,Tier3,Multi-AOP,database_binary_label,48,
AYLQAQQLLPFNQLVRSPAA,Tier3,Multi-AOP,database_binary_label,34,
GWANTLKNVAGGLCKITGAA,Tier3,Multi-AOP,database_binary_label,0,
GAPKGCWTKSYPPQPCFGKK,Tier3,Multi-AOP,database_binary_label,9,
TVVPPKGGSFYPGETTPLQQ,Tier3,Multi-AOP,database_binary_label,51,
WSRRGEREEEDERRRHGGEGGRPYHLGEES,Tier3,DFBP,database_binary_label,17,
IVGGFPHYL,Tier3,DFBP,database_binary_label,1343,
ICNIMC,Tier3,DFBP,database_binary_label,1344,
LLRSVGVPL,Tier3,DFBP,database_binary_label,1345,
SMLGDGTLPPDLA,Tier3,DFBP,database_binary_label,137,
FFRSKLLSDGAAAAKGALLPQYW,Tier3,DFBP,database_binary_label,38,
YGG,Tier3,DFBP,database_binary_label,1346,
DLQGK,Tier3,DFBP,database_binary_label,1347,
HANENIF,Tier3,DFBP,database_binary_label,1348,
YQQND,Tier3,DFBP,database_binary_label,1349,
MKC,Tier3,DFBP,database_binary_label,1350,
QTM,Tier3,DFBP,database_binary_label,1351,
QSA,Tier3,DFBP,database_binary_label,1352,
PLR,Tier3,DFBP,database_binary_label,1353,
FKI,Tier3,DFBP,database_binary_label,1354,
IDA,Tier3,DFBP,database_binary_label,1355,
FCM,Tier3,DFBP,database_binary_label,1356,
DDE,Tier3,DFBP,database_binary_label,1357,
LKA,Tier3,DFBP,database_binary_label,1358,
LRTLPM,Tier3,DFBP,database_binary_label,1359,
YMVSAIWG,Tier3,DFBP,database_binary_label,1360,
YPQLLPNE,Tier3,DFBP,database_binary_label,1361,
SDAAVDTSSEITTKDLKEKKEVVEEAEN,Tier3,DFBP,database_binary_label,20,
KIIIYN,Tier3,DFBP,database_binary_label,1362,
KILIYG,Tier3,DFBP,database_binary_label,1363,
PPMHLP,Tier3,DFBP,database_binary_label,1364,
GAHTGPRKPFKPR,Tier3,DFBP,database_binary_label,138,
KFFPS,Tier3,DFBP,database_binary_label,1365,
QNGRFY,Tier3,DFBP,database_binary_label,1366,
IFVPH,Tier3,DFBP,database_binary_label,1367,
SSHWSS,Tier3,DFBP,database_binary_label,1368,
DVFNPR,Tier3,DFBP,database_binary_label,1369,
SPW,Tier3,DFBP,database_binary_label,1370,
SQW,Tier3,DFBP,database_binary_label,1371,
GPSGPPGPKGN,Tier3,DFBP,database_binary_label,48,
GAPGPAGQVGAP,Tier3,DFBP,database_binary_label,48,
FLFSLIPSAISGLISAFK,Tier3,Peptipedia,database_binary_label,61,
GFGSLFKFLAKKVAKTVAKQAAKQGAKYIANKQME,Tier3,Peptipedia,database_binary_label,5,
FWGALIKGAAKLIPSVVGLFKKKQ,Tier3,Peptipedia,database_binary_label,35,
FIGTALGIASAIPAIVKLFK,Tier3,Peptipedia,database_binary_label,35,
LKLKSIVSWAKKVL,Tier3,Peptipedia,database_binary_label,37,
CVVSSGWKWNYKIRCKLTGNC,Tier3,Peptipedia,database_binary_label,45,
KYYGNGVTCGKHSCSVDWGKATTCIINNGAMAWATGGHQGNHKC,Tier3,Peptipedia,database_binary_label,2,
RILTMTKRVKMPQLYKQIVCRLFKTC,Tier3,Peptipedia,database_binary_label,26,
ALWKDILKNVGKAAGKAVLNTVTDMVNQ,Tier3,Peptipedia,database_binary_label,21,
LFGFLIKLIPSLFGALSNIGRNRNQ,Tier3,Peptipedia,database_binary_label,33,
GIGGKILSGLKTALKGAAKELASTYLH,Tier3,Peptipedia,database_binary_label,24,
LVP,Tier3,Peptipedia,database_binary_label,1372,
YPVEPF,Tier3,Peptipedia,database_binary_label,1373,
KAVPYPQ,Tier3,Peptipedia,database_binary_label,1374,
GLFSKKGGKGGKSWIKGVFKGIKGIGKEVGGDVIRTGIEIAACKIKGEC,Tier3,Peptipedia,database_binary_label,0,
SLFSLIKAGAKFLGKNMLKQGPQYPACKVSKDSENVNWKS,Tier3,Peptipedia,database_binary_label,5,
GLISTIWNTASNVAGTLTDSVKCKFKKC,Tier3,Peptipedia,database_binary_label,22,
EGCNILCLLKRKVKAVKNVVKNVVKSVVG,Tier3,Peptipedia,database_binary_label,18,
KKCNFFCKLKKKVKSVGSRNLIGSATHHHRIYRV,Tier3,Peptipedia,database_binary_label,10,
MTPLWRIMGTKPYGAYCQNNYECSTGVCRKGHCSFSQPLNS,Tier3,Peptipedia,database_binary_label,4,
MTPLWRILASKPQGAYCHDHIECSTGLCR,Tier3,Peptipedia,database_binary_label,4,
WMHQPPQPLPPTVMFPPQSVL,Tier3,Peptipedia,database_binary_label,46,
QEPVLGPVRGPFPILV,Tier3,Peptipedia,database_binary_label,68,
TDAPSFSDIPNPIGSENSGK,Tier3,Peptipedia,database_binary_label,52,
DIPNPIGSENSGKTTMPLW,Tier3,Peptipedia,database_binary_label,52,
SKWQHQQDSCRKQKQGVNLTPCEKHIMEKIQGRGDDDDDDDDD,Tier3,Peptipedia,database_binary_label,3,
GGTCVIRGCVPKKLM,Tier3,Peptipedia,database_binary_label,91,
AFGPE,Tier3,Peptipedia,database_binary_label,1375,
DEVPR,Tier3,Peptipedia,database_binary_label,1376,
DGDPLLDQ,Tier3,Peptipedia,database_binary_label,1377,
ESGAVTE,Tier3,Peptipedia,database_binary_label,1378,
FDAVGVK,Tier3,Peptipedia,database_binary_label,1379,
FGPEMEQ,Tier3,Peptipedia,database_binary_label,1380,
FVLGL,Tier3,Peptipedia,database_binary_label,1381,
LAGNPENE,Tier3,Peptipedia,database_binary_label,1382,
LAGNPQDE,Tier3,Peptipedia,database_binary_label,1383,
LFSPR,Tier3,Peptipedia,database_binary_label,1384,
LLAQA,Tier3,Peptipedia,database_binary_label,1385,
LLES,Tier3,Peptipedia,database_binary_label,1386,
LLMQ,Tier3,Peptipedia,database_binary_label,1387,
LLNDE,Tier3,Peptipedia,database_binary_label,1388,
LLPGANH,Tier3,Peptipedia,database_binary_label,1389,
LQAE,Tier3,Peptipedia,database_binary_label,1390,
LYSPH,Tier3,Peptipedia,database_binary_label,1391,
LYTPH,Tier3,Peptipedia,database_binary_label,1392,
NGDPLLDQ,Tier3,Peptipedia,database_binary_label,1393,
NLGDPS,Tier3,Peptipedia,database_binary_label,1394,
NLGNPE,Tier3,Peptipedia,database_binary_label,1395,
NLPLL,Tier3,Peptipedia,database_binary_label,1396,
QLPLL,Tier3,Peptipedia,database_binary_label,1397,
TELAL,Tier3,Peptipedia,database_binary_label,1398,
VTYDYYKN,Tier3,Peptipedia,database_binary_label,1399,
VVNE,Tier3,Peptipedia,database_binary_label,1400,
YGPQQQE,Tier3,Peptipedia,database_binary_label,1401,
DSEGHRTAPCYVMKILF,Tier3,Peptipedia,database_binary_label,72,
HHLGGAKQAGDV,Tier3,Peptipedia,database_binary_label,0,
PGWNQWFL,Tier3,Peptipedia,database_binary_label,1402,
VEVLPPAEL,Tier3,Peptipedia,database_binary_label,1403,
LLTC,Tier3,Peptipedia,database_binary_label,1404,
MFIF,Tier3,Peptipedia,database_binary_label,1405,
FLGQQQPFPPQQPYPQPQPFPSQQPY,Tier3,Peptipedia,database_binary_label,29,
KKVGYNPDKIPFVPISGFEGDNMIER,Tier3,Peptipedia,database_binary_label,30,
LNSGDALRVPSGTTYY,Tier3,Peptipedia,database_binary_label,74,
IIGATNPAESAPGTIR,Tier3,Peptipedia,database_binary_label,84,
LASSGIDHEGRLPR,Tier3,Peptipedia,database_binary_label,109,
MIAFNKEQDTDLQSK,Tier3,Peptipedia,database_binary_label,92,
REGGGGGYGGGGGGYGGR,Tier3,Peptipedia,database_binary_label,62,
QQQTED,Tier3,Peptipedia,database_binary_label,1406,
NSKKTVD,Tier3,Peptipedia,database_binary_label,1407,
TVQVT,Tier3,Peptipedia,database_binary_label,1408,
TVQVTST,Tier3,Peptipedia,database_binary_label,1409,
PIGSENS,Tier3,Peptipedia,database_binary_label,1410,
IESPPEIN,Tier3,Peptipedia,database_binary_label,1411,
GVRGPFPII,Tier3,Peptipedia,database_binary_label,1412,
MAPKHKEMPFPKYPVQPF,Tier3,Peptipedia,database_binary_label,63,
SLPQNIPPLTQTPVVVPFLQPEVM,Tier3,Peptipedia,database_binary_label,36,
PVRGLHP,Tier3,Peptipedia,database_binary_label,1413,
VLSLSQSKVLPVPQKAVPYPQRDMPIQA,Tier3,Peptipedia,database_binary_label,23,
AIAGAGVLSGYDQLQILFFGK,Tier3,Peptipedia,database_binary_label,47,
VFVDEGLEVLGWRPVPFNVSVVGRNAK,Tier3,Peptipedia,database_binary_label,25,
RLSLPAGAPVTVAVSP,Tier3,Peptipedia,database_binary_label,5,
NANGELCPNNMCCSQWGYCGLGSEFCGNGCQSGACCPEK,Tier3,Peptipedia,database_binary_label,6,
DLADIPQQQRLMAGLALVVATVIFLK,Tier3,Peptipedia,database_binary_label,31,
KNGSIFNSPSATAATIIHGHNYSGLAYLDFVTSK,Tier3,Peptipedia,database_binary_label,11,
YEWEPTVPNFDVAKDVTDM,Tier3,Peptipedia,database_binary_label,55,
GVSNAAVVAGGH,Tier3,Peptipedia,database_binary_label,14,
PPGPGPGPPPPPGAAGRGGGG,Tier3,Peptipedia,database_binary_label,48,
GVSKVKEAMAPKH,Tier3,Peptipedia,database_binary_label,139,
MYPGLA,Tier3,Peptipedia,database_binary_label,1414,
WAFAPA,Tier3,Peptipedia,database_binary_label,1415,
AGPSIVH,Tier3,Peptipedia,database_binary_label,1416,
NAPVSIPQ,Tier3,Peptipedia,database_binary_label,1417,
SNLCRPCG,Tier3,Peptipedia,database_binary_label,1418,
FLLPH,Tier3,Peptipedia,database_binary_label,1419,
IRWWW,Tier3,Peptipedia,database_binary_label,1420,
VLWEE,Tier3,Peptipedia,database_binary_label,1421,
LPGPILSSFPQ,Tier3,Peptipedia,database_binary_label,174,
VNPESQQGSPR,Tier3,Peptipedia,database_binary_label,84,
LTEQESGVPVMK,Tier3,Peptipedia,database_binary_label,3,
IREADIDGDGQVN,Tier3,Peptipedia,database_binary_label,50,
AMRLTGNRPCIGAT,Tier3,Peptipedia,database_binary_label,98,
AMRLTGNRPCLYAT,Tier3,Peptipedia,database_binary_label,98,
AMRLTYNRPGLYAT,Tier3,Peptipedia,database_binary_label,98,
KHQGLPQEVLNENLL,Tier3,Peptipedia,database_binary_label,93,
DKTEIPTINTIASGEPT,Tier3,Peptipedia,database_binary_label,73,
EKDDTGTPITKIELVPSH,Tier3,Peptipedia,database_binary_label,64,
LNALEPDNTVQSEAGTIETWNPK,Tier3,Peptipedia,database_binary_label,39,
YYC,Tier3,Peptipedia,database_binary_label,1422,
CYY,Tier3,Peptipedia,database_binary_label,1423,
DHH,Tier3,Peptipedia,database_binary_label,1424,
EHH,Tier3,Peptipedia,database_binary_label,1425,
HHH,Tier3,Peptipedia,database_binary_label,1426,
HKH,Tier3,Peptipedia,database_binary_label,1427,
HRH,Tier3,Peptipedia,database_binary_label,1428,
HAH,Tier3,Peptipedia,database_binary_label,1429,
HIH,Tier3,Peptipedia,database_binary_label,1430,
HVH,Tier3,Peptipedia,database_binary_label,1431,
KHH,Tier3,Peptipedia,database_binary_label,1432,
RHR,Tier3,Peptipedia,database_binary_label,1433,
SALLRSIPA,Tier3,Peptipedia,database_binary_label,1434,
TFE,Tier3,Peptipedia,database_binary_label,1435,
FWG,Tier3,Peptipedia,database_binary_label,1436,
YPWT,Tier3,Peptipedia,database_binary_label,1437,
SEGFEW,Tier3,Peptipedia,database_binary_label,1438,
AYI,Tier3,Peptipedia,database_binary_label,1439,
VFL,Tier3,Peptipedia,database_binary_label,1440,
EDVPSER,Tier3,Peptipedia,database_binary_label,1441,
IDLAY,Tier3,Peptipedia,database_binary_label,1442,
IAYKPAG,Tier3,Peptipedia,database_binary_label,1443,
YPFVEP,Tier3,Peptipedia,database_binary_label,1444,
KGAIG,Tier3,Peptipedia,database_binary_label,1445,
KGALG,Tier3,Peptipedia,database_binary_label,1446,
KGIFG,Tier3,Peptipedia,database_binary_label,1447,
KGLFG,Tier3,Peptipedia,database_binary_label,1448,
KGVITQ,Tier3,Peptipedia,database_binary_label,1449,
KHFLA,Tier3,Peptipedia,database_binary_label,1450,
KNILE,Tier3,Peptipedia,database_binary_label,1451,
KPKL,Tier3,Peptipedia,database_binary_label,1452,
LLAH,Tier3,Peptipedia,database_binary_label,1453,
NQLDQ,Tier3,Peptipedia,database_binary_label,1454,
NSGPLVNP,Tier3,Peptipedia,database_binary_label,1455,
NTGNLLG,Tier3,Peptipedia,database_binary_label,1456,
GIGKFLHSAKKFGKAFVGEIMNS,Tier3,Peptipedia,database_binary_label,40,
ITSISLCTPGCKTGALMGCNMKTATCHCSIHVSK,Tier3,Peptipedia,database_binary_label,12,
SSMKLSFRARAYGFRGPGPQL,Tier3,Peptipedia,database_binary_label,49,
FFSLIPSLVGGLISAFK,Tier3,Peptipedia,database_binary_label,61,
FLPMLAGLAANFLPKIICKITKKC,Tier3,Peptipedia,database_binary_label,5,
GIGTKILGGVKTALKGALKELASTYAN,Tier3,Peptipedia,database_binary_label,24,
VGALAVVVWLWLWLW,Tier3,Peptipedia,database_binary_label,94,
FLSGILKLAFKIPSVLCAVLKNC,Tier3,Peptipedia,database_binary_label,37,
LLY,Tier3,Peptipedia,database_binary_label,1457,
FGF,Tier3,Peptipedia,database_binary_label,1458,
FNQLAALNSAAYLQQQQLLPFSQLA,Tier3,Peptipedia,database_binary_label,34,
QLADVSPAAFLTQQQLLPFYLHAM,Tier3,Peptipedia,database_binary_label,34,
ANSLLN,Tier3,Peptipedia,database_binary_label,1459,
DFYNPKA,Tier3,Peptipedia,database_binary_label,1460,
RDPIYS,Tier3,Peptipedia,database_binary_label,1461,
RNPIYS,Tier3,Peptipedia,database_binary_label,1462,
VEGGLS,Tier3,Peptipedia,database_binary_label,1463,
YNLRQ,Tier3,Peptipedia,database_binary_label,1464,
LAFNPTQLEGQCHV,Tier3,Peptipedia,database_binary_label,110,
NVPGEIVE,Tier3,Peptipedia,database_binary_label,1465,
TVQVTSTAV,Tier3,Peptipedia,database_binary_label,1466,
CARLNCVPKGTSGNTETCPCYASLHSCRKYG,Tier3,Peptipedia,database_binary_label,15,
LLGDFFRKSKEKIGKEFKRIVQRIKDFLRNLVPRTES,Tier3,Peptipedia,database_binary_label,7,
DFKDWMKTAGEWLKKKGPGILKAAMAAAT,Tier3,Peptipedia,database_binary_label,19,
GWLKKIGKKIERVGQHTRGLGIAQIAANVAATAR,Tier3,Peptipedia,database_binary_label,13,
FLPGLIKVAVGVGSTILCKITKKC,Tier3,Peptipedia,database_binary_label,5,
LRIPVA,Tier3,Peptipedia,database_binary_label,1467,
LTPTSN,Tier3,Peptipedia,database_binary_label,1468,
MRWRD,Tier3,Peptipedia,database_binary_label,1469,
KVEGDLK,Tier3,Peptipedia,database_binary_label,1470,
GKDAVIV,Tier3,Peptipedia,database_binary_label,1471,
YETGNGIK,Tier3,Peptipedia,database_binary_label,1472,
EEGGSV,Tier3,Peptipedia,database_binary_label,1473,
FLVPPQE,Tier3,Peptipedia,database_binary_label,1474,
FPFPRPPHQ,Tier3,Peptipedia,database_binary_label,1475,
GANSLLN,Tier3,Peptipedia,database_binary_label,1476,
GKGIFG,Tier3,Peptipedia,database_binary_label,1477,
IPSEVLA,Tier3,Peptipedia,database_binary_label,1478,
IPSEVLS,Tier3,Peptipedia,database_binary_label,1479,
LAGNGRSVGVEYV,Tier3,Peptipedia,database_binary_label,102,
ATQVPLVSSTSEGYTASQPLYQP,Tier3,Peptipedia,database_binary_label,41,
NPADLPDAG,Tier3,Peptipedia,database_binary_label,1480,
TRHNIGFAAVDALARAWNISLA,Tier3,Peptipedia,database_binary_label,43,
TTTAATS,Tier3,Peptipedia,database_binary_label,1481,
REGAAPGAA,Tier3,Peptipedia,database_binary_label,1482,
SDYLNNNPLFPRYDIGNVELSTAYRSFANQKAPGRLNQNWALTADYTYR,Tier3,Peptipedia,database_binary_label,1,
FLPGLIKAAVGIGSTIFCKISKKC,Tier3,Peptipedia,database_binary_label,14,
ALWKDILKNAGKAALNEINQLVNQ,Tier3,Peptipedia,database_binary_label,21,
NKGCATCSIGAACLVDGPIPDFEIAGATGLFGLWG,Tier3,Peptipedia,database_binary_label,9,
FFGHLFKLATKIIPSLFQ,Tier3,Peptipedia,database_binary_label,33,
GLWNTIKEAGKKFALNLLDKIRCGIAGGCKG,Tier3,Peptipedia,database_binary_label,16,
