sequence,source_db,closest_prototype,sim_frs,sim_mc,sim_gen
ALP,Multi-AOP,GEN (Tier3),0.9996731,-0.84970725,0.99985576
PQIPEQF,Multi-AOP,GEN (Tier3),0.9996337,-0.8520627,0.9999393
YNILSGFDTEL,Multi-AOP,FRS (Tier1),0.9998732,-0.84318995,0.9997275
SMRKPPG,Multi-AOP,GEN (Tier3),0.9994105,-0.8556293,0.99991214
ADASVLPK,Multi-AOP,GEN (Tier3),0.99958086,-0.8531053,0.9999373
AQK,Multi-AOP,GEN (Tier3),0.9996452,-0.85016763,0.99985194
FDK,Multi-AOP,GEN (Tier3),0.9994834,-0.8536527,0.9998852
YIEAVNKVSPRAGQF,Multi-AOP,FRS (Tier1),0.9997765,-0.8439643,0.99966073
FDYDPR,Multi-AOP,GEN (Tier3),0.999466,-0.85488665,0.9999146
IPIQY,Multi-AOP,GEN (Tier3),0.9994924,-0.8546294,0.99992985
KVL,Multi-AOP,GEN (Tier3),0.99950624,-0.8534113,0.9998724
GLDIQK,Multi-AOP,GEN (Tier3),0.9995801,-0.85334706,0.9999414
DLE,Multi-AOP,GEN (Tier3),0.99950784,-0.8516612,0.9998134
LNE,Multi-AOP,GEN (Tier3),0.99949217,-0.8539653,0.999897
AELQVVDHLGQTV,Multi-AOP,FRS (Tier1),0.99984086,-0.8405256,0.9995597
GDL,Multi-AOP,GEN (Tier3),0.9995801,-0.85131896,0.9998622
LLAPPER,Multi-AOP,GEN (Tier3),0.99958646,-0.8527268,0.9999262
PAV,Multi-AOP,GEN (Tier3),0.99967706,-0.85060227,0.9998945
VLDTGLAGA,Multi-AOP,GEN (Tier3),0.9996376,-0.8519467,0.99993336
LVSGM,Multi-AOP,GEN (Tier3),0.9996098,-0.8524055,0.99993134
QLE,Multi-AOP,GEN (Tier3),0.9995562,-0.8521076,0.99987924
VFD,Multi-AOP,GEN (Tier3),0.99955356,-0.8520738,0.9998621
PEV,Multi-AOP,GEN (Tier3),0.9996499,-0.8514087,0.9999051
AEFAES,Multi-AOP,GEN (Tier3),0.99965096,-0.8510878,0.99991095
TKI,Multi-AOP,GEN (Tier3),0.9995022,-0.85362995,0.99989164
PEG,Multi-AOP,GEN (Tier3),0.99958134,-0.8522537,0.9998902
ESIINF,Multi-AOP,GEN (Tier3),0.99942315,-0.85527724,0.99990153
EFFDVSNEQ,Multi-AOP,GEN (Tier3),0.9996338,-0.8519738,0.9999304
GAQ,Multi-AOP,GEN (Tier3),0.9996966,-0.84977114,0.9998858
VTQ,Multi-AOP,GEN (Tier3),0.9996334,-0.8511565,0.9998851
VLPIPQ,Multi-AOP,GEN (Tier3),0.9995295,-0.8539934,0.9999368
ILL,Multi-AOP,GEN (Tier3),0.99945766,-0.85261,0.99978715
QAL,Multi-AOP,GEN (Tier3),0.9996252,-0.8500664,0.99983346
AEP,Multi-AOP,GEN (Tier3),0.99963605,-0.8496541,0.99982417
YSK,Multi-AOP,GEN (Tier3),0.9995439,-0.8532976,0.9999151
VGPLSPT,Multi-AOP,GEN (Tier3),0.9995847,-0.8530123,0.99994123
GEPGPPGPPGPPGPPG,Multi-AOP,GEN (Tier3),0.98991084,-0.8693855,0.9916041
VQVTSTAV,Multi-AOP,GEN (Tier3),0.99967587,-0.8508472,0.9999059
VVVVPH,Multi-AOP,GEN (Tier3),0.99973863,-0.84870255,0.9998575
MPVHTDAD,Multi-AOP,GEN (Tier3),0.99953353,-0.85367095,0.9999151
QVVRSDQGSVR,Multi-AOP,FRS (Tier1),0.99986035,-0.8384951,0.99945796
TAAIVNTA,Multi-AOP,GEN (Tier3),0.999583,-0.85293746,0.99993646
PTP,Multi-AOP,GEN (Tier3),0.999521,-0.8527025,0.9998637
DDLPR,Multi-AOP,GEN (Tier3),0.9994987,-0.8531787,0.99987924
KAL,Multi-AOP,GEN (Tier3),0.9996176,-0.85140836,0.9998808
VLV,Multi-AOP,GEN (Tier3),0.999621,-0.8508513,0.9998648
FFNPVH,Multi-AOP,GEN (Tier3),0.99963725,-0.8516909,0.99992055
VLNSNAAPLPN,Multi-AOP,FRS (Tier1),0.99992687,-0.8369731,0.9994514
ENG,Multi-AOP,GEN (Tier3),0.999449,-0.85258615,0.99980485
KKI,Multi-AOP,GEN (Tier3),0.9993691,-0.85479236,0.99982595
RVY,Multi-AOP,GEN (Tier3),0.9993971,-0.8558467,0.9999033
HVIKPPSRA,Multi-AOP,GEN (Tier3),0.99957496,-0.85347176,0.9999435
DAQ,Multi-AOP,GEN (Tier3),0.99962485,-0.85062027,0.99987113
LKKISQ,Multi-AOP,GEN (Tier3),0.9995348,-0.8537968,0.99992347
SLA,Multi-AOP,GEN (Tier3),0.99945056,-0.8531488,0.99981153
ALA,Multi-AOP,GEN (Tier3),0.9996139,-0.85034895,0.9998282
AEK,Multi-AOP,GEN (Tier3),0.99951416,-0.85273635,0.99985194
DSAI,Multi-AOP,GEN (Tier3),0.9996021,-0.8519896,0.99990356
VLSTSFPPK,Multi-AOP,GEN (Tier3),0.99964553,-0.85189646,0.9999379
SSGFTY,Multi-AOP,GEN (Tier3),0.99957395,-0.85283744,0.99991953
RTP,Multi-AOP,GEN (Tier3),0.9995023,-0.85274005,0.999854
RPSYT,Multi-AOP,GEN (Tier3),0.9995421,-0.8538374,0.9999424
DPAQPNYPWTAVLVFRH,Multi-AOP,FRS (Tier1),0.9998404,-0.84339035,0.99968755
PTQ,Multi-AOP,GEN (Tier3),0.9996202,-0.8515909,0.99989796
TFD,Multi-AOP,GEN (Tier3),0.999354,-0.85481656,0.99980253
PPHMLP,Multi-AOP,GEN (Tier3),0.9995592,-0.85329795,0.9999207
YKK,Multi-AOP,GEN (Tier3),0.9992728,-0.8568773,0.9998461
VTGRFAGHPAAQ,Multi-AOP,FRS (Tier1),0.9998734,-0.8371682,0.99941444
RLS,Multi-AOP,GEN (Tier3),0.9994297,-0.85467196,0.99987364
PLPPHMLP,Multi-AOP,GEN (Tier3),0.99959993,-0.85246265,0.99991894
KIP,Multi-AOP,GEN (Tier3),0.9994309,-0.8543678,0.99986076
LLNPT,Multi-AOP,GEN (Tier3),0.99965394,-0.8514472,0.99992424
TPSPR,Multi-AOP,GEN (Tier3),0.99930924,-0.85573494,0.9998164
IVF,Multi-AOP,GEN (Tier3),0.99956477,-0.85289264,0.999905
MSEGSGAADVEGPS,Multi-AOP,GEN (Tier3),0.9989927,-0.8511324,0.9992988
VEIPHD,Multi-AOP,GEN (Tier3),0.9996512,-0.8512487,0.9999033
QIGLF,Multi-AOP,GEN (Tier3),0.9995359,-0.85363734,0.99993175
GASRHWYFL,Multi-AOP,GEN (Tier3),0.9995528,-0.8537785,0.9999418
EVR,Multi-AOP,GEN (Tier3),0.9993297,-0.8556404,0.99983335
LAL,Multi-AOP,GEN (Tier3),0.99960494,-0.8510924,0.9998545
GAA,Multi-AOP,GEN (Tier3),0.9994942,-0.85239637,0.9998131
VCDADPSSPVPEA,Multi-AOP,FRS (Tier1),0.99987125,-0.8368845,0.9993931
DTGSDKKQL,Multi-AOP,GEN (Tier3),0.99957716,-0.85285085,0.99992085
YPYY,Multi-AOP,GEN (Tier3),0.9992015,-0.8581482,0.99983823
YVHPFHL,Multi-AOP,GEN (Tier3),0.99959135,-0.8530216,0.999939
AMA,Multi-AOP,GEN (Tier3),0.9992049,-0.85400784,0.99960756
GPAGDY,Multi-AOP,GEN (Tier3),0.9994364,-0.8541018,0.9998499
HPHPHLSF,Multi-AOP,GEN (Tier3),0.99960095,-0.8518568,0.9998966
LDI,Multi-AOP,GEN (Tier3),0.9996226,-0.8517048,0.9999026
YGL,Multi-AOP,GEN (Tier3),0.99952435,-0.8539499,0.9999212
VSLPEW,Multi-AOP,GEN (Tier3),0.9995922,-0.8528518,0.99993336
QNIFSGFSTELLS,Multi-AOP,FRS (Tier1),0.999902,-0.83898854,0.999532
LRV,Multi-AOP,GEN (Tier3),0.9994521,-0.8543073,0.99987423
AAAAAGGGEGEG,Multi-AOP,GEN (Tier3),0.99703956,-0.85314214,0.9975457
VLEESKGAPKPN,Multi-AOP,FRS (Tier1),0.999856,-0.84399223,0.99974626
ALGGA,Multi-AOP,GEN (Tier3),0.99961853,-0.85183233,0.9999113
EGD,Multi-AOP,GEN (Tier3),0.9993905,-0.8518312,0.9997114
LPYPY,Multi-AOP,GEN (Tier3),0.9993851,-0.85603285,0.9999059
EQEEEESTGRMK,Multi-AOP,GEN (Tier3),0.99827766,-0.85736716,0.99894786
TNGIIR,Multi-AOP,GEN (Tier3),0.999459,-0.8548405,0.99990964
NMAVPDALAGPL,Multi-AOP,FRS (Tier1),0.9998616,-0.8378774,0.99942946
YGGVSLPEW,Multi-AOP,GEN (Tier3),0.9995024,-0.8547431,0.9999398
AGCGCEAMFAGA,Multi-AOP,GEN (Tier3),0.9993434,-0.8495295,0.9995452
HNAVDSQIAGKA,Multi-AOP,FRS (Tier1),0.9999143,-0.83950746,0.9995667
EFFDVSNELFQ,Multi-AOP,FRS (Tier1),0.9998659,-0.8389672,0.9995011
YEGS,Multi-AOP,GEN (Tier3),0.999533,-0.8536527,0.9999181
CAGVSAIR,Multi-AOP,GEN (Tier3),0.9994663,-0.8549422,0.99992883
IVQNNDSTEYG,Multi-AOP,FRS (Tier1),0.99987733,-0.8423537,0.9996825
ELK,Multi-AOP,GEN (Tier3),0.9994412,-0.85373026,0.99985003
SAP,Multi-AOP,GEN (Tier3),0.99967325,-0.8486154,0.99980605
SPYCYG,Multi-AOP,GEN (Tier3),0.99941516,-0.85529566,0.99990064
RDILNQ,Multi-AOP,GEN (Tier3),0.9994811,-0.8543434,0.99991155
VRT,Multi-AOP,GEN (Tier3),0.99955446,-0.85272694,0.99989533
KEFLLAGNNNRA,Multi-AOP,FRS (Tier1),0.9996453,-0.84142,0.99939835
YINQMPQKSREA,Multi-AOP,FRS (Tier1),0.9998406,-0.8446011,0.99975103
FDGEVK,Multi-AOP,GEN (Tier3),0.99940497,-0.8559989,0.9999112
TVFDGELR,Multi-AOP,GEN (Tier3),0.9995447,-0.85383916,0.9999446
DKLDLSDLAHEY,Multi-AOP,FRS (Tier1),0.99983776,-0.83998275,0.99952686
RWAEK,Multi-AOP,GEN (Tier3),0.9993566,-0.8561218,0.9998745
AAVKKMYDIQAKK,Multi-AOP,GEN (Tier3),0.9994886,-0.8501554,0.99971354
LDYE,Multi-AOP,GEN (Tier3),0.9995712,-0.8525332,0.99989605
FDTADLPSGKGYL,Multi-AOP,FRS (Tier1),0.9999012,-0.8414936,0.9996595
LEI,Multi-AOP,GEN (Tier3),0.99959004,-0.8522153,0.9998971
VPLSPT,Multi-AOP,GEN (Tier3),0.999601,-0.8525153,0.9999273
GGRLDSGKQPPRQ,Multi-AOP,FRS (Tier1),0.9997997,-0.8420977,0.999599
DTD,Multi-AOP,GEN (Tier3),0.99947226,-0.85198706,0.9997943
LDT,Multi-AOP,GEN (Tier3),0.9995041,-0.8530896,0.99986553
CLL,Multi-AOP,GEN (Tier3),0.9992701,-0.8553214,0.99976456
GEQQQQPGMTR,Multi-AOP,GEN (Tier3),0.9991183,-0.85027564,0.9993915
YPSPV,Multi-AOP,GEN (Tier3),0.99943256,-0.8550209,0.999903
NVNYVELLVAPNVDL,Multi-AOP,FRS (Tier1),0.999843,-0.8401791,0.99952465
NPT,Multi-AOP,GEN (Tier3),0.99952805,-0.8523164,0.99985045
LQGMP,Multi-AOP,GEN (Tier3),0.99959445,-0.8521812,0.99990875
YQKF,Multi-AOP,GEN (Tier3),0.9994222,-0.85564387,0.9999167
ALE,Multi-AOP,GEN (Tier3),0.99962974,-0.85101396,0.99988383
ISL,Multi-AOP,GEN (Tier3),0.9994587,-0.8544251,0.9998921
FLDALLKTVDCN,Multi-AOP,FRS (Tier1),0.9995138,-0.8443806,0.9994772
EQS,Multi-AOP,GEN (Tier3),0.9995223,-0.8516234,0.99983454
EIL,Multi-AOP,GEN (Tier3),0.99960744,-0.8508656,0.99986196
YVNDAATLLPR,Multi-AOP,FRS (Tier1),0.9999138,-0.84244776,0.99970794
MCYPAST,Multi-AOP,GEN (Tier3),0.9994731,-0.85390997,0.99987453
TPE,Multi-AOP,GEN (Tier3),0.9994735,-0.85216403,0.99979365
LLF,Multi-AOP,GEN (Tier3),0.9995726,-0.85180783,0.9998536
HAEIN,Multi-AOP,GEN (Tier3),0.99953914,-0.85333574,0.99990946
CGA,Multi-AOP,GEN (Tier3),0.999416,-0.85416967,0.99984336
KVA,Multi-AOP,GEN (Tier3),0.9993916,-0.8553326,0.99985576
NMGPLLPQ,Multi-AOP,GEN (Tier3),0.99953306,-0.8537581,0.9999268
SPFLQSAAFQLRN,Multi-AOP,FRS (Tier1),0.9998729,-0.84094673,0.9996007
QKV,Multi-AOP,GEN (Tier3),0.99953055,-0.85329235,0.9998982
LDA,Multi-AOP,GEN (Tier3),0.999673,-0.8493568,0.9998373
MDATALHYENQK,Multi-AOP,FRS (Tier1),0.99983203,-0.84057176,0.9995446
GDRFQDQHQ,Multi-AOP,GEN (Tier3),0.9995339,-0.8532306,0.99989426
VVYFDQTQAQA,Multi-AOP,FRS (Tier1),0.9998531,-0.839849,0.99952495
VVALALI,Multi-AOP,GEN (Tier3),0.9994942,-0.8537781,0.99989045
SVPQPK,Multi-AOP,GEN (Tier3),0.9995611,-0.853,0.99991715
ALPMHIR,Multi-AOP,GEN (Tier3),0.99952805,-0.8539287,0.99992484
VLPVP,Multi-AOP,GEN (Tier3),0.9996547,-0.8514524,0.9999206
LER,Multi-AOP,GEN (Tier3),0.99934775,-0.8564979,0.9998882
AVF,Multi-AOP,GEN (Tier3),0.9996468,-0.84997034,0.9998315
IVAGPQ,Multi-AOP,GEN (Tier3),0.9996335,-0.8517914,0.9999236
LSF,Multi-AOP,GEN (Tier3),0.99956334,-0.8518733,0.99986005
ALSAF,Multi-AOP,GEN (Tier3),0.9995984,-0.85221344,0.99991214
VVSNFGKTVFDGVL,Multi-AOP,FRS (Tier1),0.999732,-0.84338856,0.99961233
ACNLPRMC,Multi-AOP,GEN (Tier3),0.9990433,-0.8595916,0.9997456
KPYVFRATGAL,Multi-AOP,FRS (Tier1),0.9999063,-0.8407965,0.9996285
MLELDPLNNLPRM,Multi-AOP,FRS (Tier1),0.99974287,-0.8408836,0.9994662
LAGNPHQQQQN,Multi-AOP,FRS (Tier1),0.9993906,-0.8427098,0.9992517
NYPSD,Multi-AOP,GEN (Tier3),0.99958664,-0.85233927,0.9999089
QKK,Multi-AOP,GEN (Tier3),0.99932885,-0.854766,0.9997963
TQL,Multi-AOP,GEN (Tier3),0.99948514,-0.8528806,0.99983835
HLPLP,Multi-AOP,GEN (Tier3),0.99969006,-0.85058236,0.99991214
HIR,Multi-AOP,GEN (Tier3),0.9994265,-0.85448253,0.9998736
EYNNHGSFREAHPGA,Multi-AOP,FRS (Tier1),0.9998572,-0.84289646,0.99968195
SVL,Multi-AOP,GEN (Tier3),0.99961555,-0.85054076,0.99984264
FGERR,Multi-AOP,GEN (Tier3),0.99922085,-0.85739744,0.9998146
DSAIDLGD,Multi-AOP,GEN (Tier3),0.9995911,-0.8525634,0.99991846
EIPT,Multi-AOP,GEN (Tier3),0.99964243,-0.85107243,0.9998956
FDGLPAKPAKKEETR,Multi-AOP,GEN (Tier3),0.9994222,-0.8523277,0.9997583
WPRGYFL,Multi-AOP,GEN (Tier3),0.9994106,-0.85556674,0.9998996
LVL,Multi-AOP,GEN (Tier3),0.99958855,-0.85096353,0.99983245
FNP,Multi-AOP,GEN (Tier3),0.9995614,-0.8520328,0.9998789
AGLAPY,Multi-AOP,GEN (Tier3),0.9995122,-0.85368186,0.99991167
SGGY,Multi-AOP,GEN (Tier3),0.9994682,-0.8522396,0.9997977
GLAGA,Multi-AOP,GEN (Tier3),0.9996083,-0.85214996,0.9999087
KHDRGDEF,Multi-AOP,GEN (Tier3),0.9994725,-0.85476744,0.9999159
ALK,Multi-AOP,GEN (Tier3),0.99960685,-0.8519792,0.9999006
LDIQKEV,Multi-AOP,GEN (Tier3),0.9995551,-0.8536197,0.99992776
PLAQPA,Multi-AOP,GEN (Tier3),0.9996786,-0.85054886,0.9999019
MVPYPQR,Multi-AOP,GEN (Tier3),0.9995102,-0.85394156,0.999913
SSDEEVREEKELDLSSNE,Multi-AOP,GEN (Tier3),0.99582314,-0.86971974,0.9972186
WALKGYK,Multi-AOP,GEN (Tier3),0.99953353,-0.8538294,0.99993086
HGPL,Multi-AOP,GEN (Tier3),0.99957216,-0.8523432,0.9999081
FSDKIAK,Multi-AOP,GEN (Tier3),0.99954486,-0.8537048,0.9999281
RVPSLM,Multi-AOP,GEN (Tier3),0.9995784,-0.85292196,0.999931
AEDKKLIQ,Multi-AOP,GEN (Tier3),0.9993818,-0.8558677,0.9998841
KEEKFE,Multi-AOP,GEN (Tier3),0.9994379,-0.8544319,0.999871
EEEKNRLTKKTKLT,Multi-AOP,GEN (Tier3),0.99855936,-0.8579184,0.9992333
LSSLEMGSLGALFVCM,Multi-AOP,FRS (Tier1),0.9997957,-0.84208465,0.9995837
VAW,Multi-AOP,GEN (Tier3),0.9995005,-0.8522432,0.9998197
FGER,Multi-AOP,GEN (Tier3),0.9993962,-0.85535455,0.999876
YVE,Multi-AOP,GEN (Tier3),0.9995396,-0.8534708,0.9999106
PDLVF,Multi-AOP,GEN (Tier3),0.9996326,-0.8511623,0.9999006
QQFQQSGQAQLTE,Multi-AOP,FRS (Tier1),0.9995891,-0.8418694,0.9993944
LKP,Multi-AOP,GEN (Tier3),0.9995486,-0.85235566,0.9998669
EKF,Multi-AOP,GEN (Tier3),0.99941504,-0.85426176,0.9998554
HIAGKSSIFRA,Multi-AOP,FRS (Tier1),0.99986744,-0.8408982,0.9995918
APL,Multi-AOP,GEN (Tier3),0.999665,-0.85035014,0.99987566
IIA,Multi-AOP,GEN (Tier3),0.99943817,-0.85379493,0.9998337
APGAPGPVG,Multi-AOP,GEN (Tier3),0.9992385,-0.85778624,0.9998522
PMH,Multi-AOP,GEN (Tier3),0.9996679,-0.8498367,0.99985635
WSVWEQELEDR,Multi-AOP,GEN (Tier3),0.99943995,-0.84749556,0.999545
SEALGVSSQVARQ,Multi-AOP,FRS (Tier1),0.99989694,-0.837646,0.9994581
EYLARKGGVEVN,Multi-AOP,GEN (Tier3),0.9995971,-0.8505166,0.99982816
RGY,Multi-AOP,GEN (Tier3),0.99916935,-0.8579814,0.99980867
EEL,Multi-AOP,GEN (Tier3),0.99956703,-0.85068226,0.99983364
QQRQQQGL,Multi-AOP,GEN (Tier3),0.9991519,-0.85766196,0.9997673
ACGNLPRMC,Multi-AOP,GEN (Tier3),0.99918,-0.8587477,0.9998395
LEK,Multi-AOP,GEN (Tier3),0.99944544,-0.85507,0.9999052
LAGKPQQEHSGEHQ,Multi-AOP,FRS (Tier1),0.9997976,-0.8352317,0.9992447
NGE,Multi-AOP,GEN (Tier3),0.9991726,-0.85556465,0.99968505
ENS,Multi-AOP,GEN (Tier3),0.9993682,-0.8535334,0.99976563
ASD,Multi-AOP,GEN (Tier3),0.99972314,-0.8469415,0.9997481
SLL,Multi-AOP,GEN (Tier3),0.9995866,-0.85024387,0.99979997
LPENAKVDQVK,Multi-AOP,GEN (Tier3),0.9992703,-0.85360503,0.9996722
VHLKP,Multi-AOP,GEN (Tier3),0.99963236,-0.8518492,0.99991965
AGT,Multi-AOP,GEN (Tier3),0.9996031,-0.8505527,0.9998306
SGGSYADELVSTAK,Multi-AOP,FRS (Tier1),0.9998529,-0.8422779,0.99965405
EAL,Multi-AOP,GEN (Tier3),0.9996781,-0.84957695,0.9998622
GFVG,Multi-AOP,GEN (Tier3),0.99953115,-0.85388595,0.9999244
ADVFNPR,Multi-AOP,GEN (Tier3),0.9995451,-0.8535811,0.99992645
ENK,Multi-AOP,GEN (Tier3),0.9992405,-0.8560288,0.9997796
ISQAVHAHAEINEAGR,Multi-AOP,FRS (Tier1),0.9998575,-0.8388819,0.99946904
DAL,Multi-AOP,GEN (Tier3),0.99960816,-0.8508185,0.99985945
IIAEK,Multi-AOP,GEN (Tier3),0.9995357,-0.8536582,0.99991167
TQT,Multi-AOP,GEN (Tier3),0.99956053,-0.85123813,0.9998335
SFN,Multi-AOP,GEN (Tier3),0.9994749,-0.85250443,0.9998134
YGNWLYK,Multi-AOP,GEN (Tier3),0.9994458,-0.8557225,0.9999353
HDHAERFSGHDNED,Multi-AOP,FRS (Tier1),0.9995877,-0.84374833,0.99948
SAE,Multi-AOP,GEN (Tier3),0.99947274,-0.85150504,0.9997586
VLD,Multi-AOP,GEN (Tier3),0.9996238,-0.85078216,0.99986386
VEGNLQVLRPR,Multi-AOP,FRS (Tier1),0.9998918,-0.841766,0.9996644
KPT,Multi-AOP,GEN (Tier3),0.99961925,-0.8515025,0.9998861
VYV,Multi-AOP,GEN (Tier3),0.9995856,-0.8528925,0.99992764
EVPKA,Multi-AOP,GEN (Tier3),0.99961686,-0.8517557,0.99990225
ALN,Multi-AOP,GEN (Tier3),0.9996498,-0.85098505,0.9998878
TPEVDDEALKE,Multi-AOP,FRS (Tier1),0.9996521,-0.8454725,0.99962384
IQK,Multi-AOP,GEN (Tier3),0.9994027,-0.8552772,0.9998844
MNGEKKKAPLGDE,Multi-AOP,GEN (Tier3),0.99901724,-0.8553524,0.99953735
RGQVIYVL,Multi-AOP,GEN (Tier3),0.99946576,-0.85522354,0.9999378
IRL,Multi-AOP,GEN (Tier3),0.9993248,-0.8565551,0.99987054
CVPEVDPLLLRAE,Multi-AOP,FRS (Tier1),0.999833,-0.83969295,0.9995036
GLD,Multi-AOP,GEN (Tier3),0.9996977,-0.8497124,0.99987
ASPKPSSA,Multi-AOP,GEN (Tier3),0.9995514,-0.8531754,0.9999058
PQFYW,Multi-AOP,GEN (Tier3),0.9996692,-0.8512455,0.99992627
LELPLK,Multi-AOP,GEN (Tier3),0.9995564,-0.85347426,0.99993485
TEFHLL,Multi-AOP,GEN (Tier3),0.9996072,-0.85265636,0.999938
EPDRY,Multi-AOP,GEN (Tier3),0.9994736,-0.8538642,0.9998762
SDI,Multi-AOP,GEN (Tier3),0.99955636,-0.8519081,0.99986494
TVGGAPAGRIVME,Multi-AOP,FRS (Tier1),0.9997808,-0.8448441,0.99970585
IVT,Multi-AOP,GEN (Tier3),0.9994811,-0.85353637,0.999853
WGLETAGSVVLLDLQ,Multi-AOP,FRS (Tier1),0.9999019,-0.83886117,0.9995243
IPA,Multi-AOP,GEN (Tier3),0.99950516,-0.8538964,0.99990696
HYEG,Multi-AOP,GEN (Tier3),0.9996221,-0.8515706,0.99989957
SVDSQTAF,Multi-AOP,GEN (Tier3),0.9996464,-0.851596,0.9999243
KKSKADLTEVTHK,Multi-AOP,FRS (Tier1),0.9998579,-0.84183455,0.9996291
HQP,Multi-AOP,GEN (Tier3),0.999648,-0.85033554,0.99987173
VGAPSVS,Multi-AOP,GEN (Tier3),0.9996319,-0.8514705,0.9999011
DLVKVEA,Multi-AOP,GEN (Tier3),0.99959767,-0.8527034,0.9999292
FVSACSVAG,Multi-AOP,GEN (Tier3),0.9995684,-0.8529805,0.9999243
VKELY,Multi-AOP,GEN (Tier3),0.9994886,-0.8544682,0.9999157
GPPGPPGPP,Multi-AOP,GEN (Tier3),0.99869263,-0.8614707,0.9995228
AGNDGFEYVTLK,Multi-AOP,FRS (Tier1),0.9997494,-0.8454413,0.99970794
NGPLLPSDEMDRA,Multi-AOP,FRS (Tier1),0.9998958,-0.83970636,0.9995616
IAE,Multi-AOP,GEN (Tier3),0.9994,-0.8546001,0.99984825
LVYIIQGR,Multi-AOP,GEN (Tier3),0.9995506,-0.85349274,0.9999317
LEE,Multi-AOP,GEN (Tier3),0.9996012,-0.85161066,0.99989086
GGNYVGVP,Multi-AOP,GEN (Tier3),0.9995279,-0.8539848,0.99992657
RYQKF,Multi-AOP,GEN (Tier3),0.99950063,-0.8542355,0.99992275
FSGGE,Multi-AOP,GEN (Tier3),0.99960876,-0.85241157,0.99993587
LWHTH,Multi-AOP,GEN (Tier3),0.9996029,-0.8521118,0.9999168
FPGLADR,Multi-AOP,GEN (Tier3),0.9995721,-0.8532274,0.9999355
LQK,Multi-AOP,GEN (Tier3),0.99957895,-0.8525348,0.99990475
SSAPGGGRP,Multi-AOP,GEN (Tier3),0.9994594,-0.8543048,0.9998985
KVR,Multi-AOP,GEN (Tier3),0.9992751,-0.85671604,0.9998191
QSL,Multi-AOP,GEN (Tier3),0.99958444,-0.851444,0.99986714
YQETSSSSSQEQ,Multi-AOP,FRS (Tier1),0.9995208,-0.83757806,0.99909616
FIMGPY,Multi-AOP,GEN (Tier3),0.99945515,-0.85499793,0.9999153
DLDLRKDLYAN,Multi-AOP,FRS (Tier1),0.99983346,-0.84161425,0.99961555
PLPLHMLP,Multi-AOP,GEN (Tier3),0.9996044,-0.8523119,0.99991333
SAGNPN,Multi-AOP,GEN (Tier3),0.99963796,-0.85122514,0.9999058
FSL,Multi-AOP,GEN (Tier3),0.9995833,-0.8520025,0.99989134
LAM,Multi-AOP,GEN (Tier3),0.9995111,-0.8530978,0.99986637
KAQYPYV,Multi-AOP,GEN (Tier3),0.99951684,-0.8537762,0.99991274
IPAVFK,Multi-AOP,GEN (Tier3),0.99956053,-0.85344684,0.9999295
VAG,Multi-AOP,GEN (Tier3),0.99947697,-0.8537449,0.9998723
DIQ,Multi-AOP,GEN (Tier3),0.99946254,-0.85355186,0.9998666
KII,Multi-AOP,GEN (Tier3),0.9995074,-0.85310906,0.9998679
HLPLPLL,Multi-AOP,GEN (Tier3),0.999633,-0.851735,0.99992734
RINK,Multi-AOP,GEN (Tier3),0.999408,-0.855311,0.999887
HVAGTVA,Multi-AOP,GEN (Tier3),0.9996679,-0.85125387,0.99992466
TAGTGGGQFQPMR,Multi-AOP,FRS (Tier1),0.99979043,-0.84257555,0.99961543
ALT,Multi-AOP,GEN (Tier3),0.9996894,-0.8495749,0.999854
AVYVYDVNNNANQ,Multi-AOP,GEN (Tier3),0.99971795,-0.84704065,0.99976194
FNVVLK,Multi-AOP,GEN (Tier3),0.99955976,-0.85365367,0.9999366
KFD,Multi-AOP,GEN (Tier3),0.9993691,-0.85507935,0.99983346
WLLYLDGPPMGLT,Multi-AOP,FRS (Tier1),0.99988353,-0.84115124,0.99962044
AQQQEQAQQQEQ,Multi-AOP,GEN (Tier3),0.9945617,-0.8433678,0.99468803
EEQ,Multi-AOP,GEN (Tier3),0.9994905,-0.8498297,0.99973243
QAGTGAGAGGGAGTKTSS,Multi-AOP,GEN (Tier3),0.997427,-0.8612269,0.99831384
QPSSVDSQTAM,Multi-AOP,FRS (Tier1),0.99984515,-0.836378,0.9993452
QTDSHGNDRLLLT,Multi-AOP,FRS (Tier1),0.9998083,-0.8415619,0.99957633
LLL,Multi-AOP,GEN (Tier3),0.9995483,-0.8496368,0.99972045
SVNVPL,Multi-AOP,GEN (Tier3),0.9996041,-0.85214454,0.99991417
VAPFPEVF,Multi-AOP,GEN (Tier3),0.9996605,-0.8516345,0.9999391
AAAAG,Multi-AOP,GEN (Tier3),0.999387,-0.8530215,0.99976164
VVLYR,Multi-AOP,GEN (Tier3),0.9995631,-0.85322785,0.9999236
KGL,Multi-AOP,GEN (Tier3),0.9995359,-0.8530317,0.99988425
GNPIPREPGQVPAY,Multi-AOP,FRS (Tier1),0.9998502,-0.8416473,0.99960655
INY,Multi-AOP,GEN (Tier3),0.9992657,-0.85764426,0.99986446
VALDGGL,Multi-AOP,GEN (Tier3),0.9996462,-0.8517746,0.9999393
AQS,Multi-AOP,GEN (Tier3),0.99967694,-0.8489504,0.9998156
LVR,Multi-AOP,GEN (Tier3),0.9995097,-0.8540711,0.9999136
ACSNHSPLGWRGH,Multi-AOP,FRS (Tier1),0.99984455,-0.8426686,0.9996594
GEY,Multi-AOP,GEN (Tier3),0.9995613,-0.85211927,0.9998778
FND,Multi-AOP,GEN (Tier3),0.9995104,-0.8531528,0.9998765
AQA,Multi-AOP,GEN (Tier3),0.9995928,-0.8507601,0.99983454
GPE,Multi-AOP,GEN (Tier3),0.99955344,-0.85162455,0.9998356
WIR,Multi-AOP,GEN (Tier3),0.9992623,-0.8570559,0.99984264
KYP,Multi-AOP,GEN (Tier3),0.999531,-0.85332704,0.99990416
KCL,Multi-AOP,GEN (Tier3),0.99935603,-0.85540164,0.9998443
LLA,Multi-AOP,GEN (Tier3),0.9995967,-0.8513467,0.9998684
TCG,Multi-AOP,GEN (Tier3),0.99949247,-0.85320336,0.9998599
ALI,Multi-AOP,GEN (Tier3),0.9996644,-0.8501872,0.99986625
LIV,Multi-AOP,GEN (Tier3),0.99960744,-0.8517251,0.9998932
TMK,Multi-AOP,GEN (Tier3),0.999419,-0.8539833,0.99983174
MKG,Multi-AOP,GEN (Tier3),0.99937546,-0.85382485,0.99979323
TWY,Multi-AOP,GEN (Tier3),0.9995074,-0.85353184,0.9998811
YSL,Multi-AOP,GEN (Tier3),0.9995475,-0.8535098,0.9999248
MAA,Multi-AOP,GEN (Tier3),0.99901366,-0.8539321,0.99941385
AAS,Multi-AOP,GEN (Tier3),0.999458,-0.8517169,0.99973464
DIS,Multi-AOP,GEN (Tier3),0.9994717,-0.8534108,0.99986213
LLD,Multi-AOP,GEN (Tier3),0.9996923,-0.8496233,0.9998714
VEE,Multi-AOP,GEN (Tier3),0.99947435,-0.8521314,0.99979526
LLQ,Multi-AOP,GEN (Tier3),0.9996209,-0.8509988,0.99988204
KWE,Multi-AOP,GEN (Tier3),0.999236,-0.8571228,0.99981844
EKT,Multi-AOP,GEN (Tier3),0.9994695,-0.8533188,0.999864
KTK,Multi-AOP,GEN (Tier3),0.9995051,-0.85237694,0.99983776
VFK,Multi-AOP,GEN (Tier3),0.99954206,-0.85271055,0.99988234
KID,Multi-AOP,GEN (Tier3),0.9992375,-0.8574202,0.99982965
NKV,Multi-AOP,GEN (Tier3),0.9993568,-0.8560709,0.9998751
MEN,Multi-AOP,GEN (Tier3),0.99931115,-0.8549952,0.99977136
NSA,Multi-AOP,GEN (Tier3),0.99931085,-0.85647106,0.9998525
EPE,Multi-AOP,GEN (Tier3),0.9996252,-0.8499851,0.9998348
PEQ,Multi-AOP,GEN (Tier3),0.9995923,-0.8517059,0.99989057
EVD,Multi-AOP,GEN (Tier3),0.99954593,-0.85163647,0.9998323
VDD,Multi-AOP,GEN (Tier3),0.99952877,-0.8506454,0.9997811
DEA,Multi-AOP,GEN (Tier3),0.99942434,-0.85277987,0.99978876
DKA,Multi-AOP,GEN (Tier3),0.99956036,-0.85143423,0.99985415
WAF,Multi-AOP,GEN (Tier3),0.99949896,-0.85391355,0.9998938
MKW,Multi-AOP,GEN (Tier3),0.999424,-0.8545959,0.99986315
STW,Multi-AOP,GEN (Tier3),0.9995608,-0.851249,0.99982285
ETW,Multi-AOP,GEN (Tier3),0.99958074,-0.85176384,0.99987894
SVW,Multi-AOP,GEN (Tier3),0.9995994,-0.85067964,0.99983025
CNW,Multi-AOP,GEN (Tier3),0.99932706,-0.8560783,0.9998558
DHW,Multi-AOP,GEN (Tier3),0.99964666,-0.85008126,0.9998697
GQW,Multi-AOP,GEN (Tier3),0.9995661,-0.85255384,0.9999041
MWC,Multi-AOP,GEN (Tier3),0.999439,-0.8540257,0.99985385
RDY,Multi-AOP,GEN (Tier3),0.9992862,-0.8566337,0.9998535
GSH,Multi-AOP,GEN (Tier3),0.9996387,-0.85071325,0.9998661
ACA,Multi-AOP,GEN (Tier3),0.99945784,-0.85290325,0.99981356
TGC,Multi-AOP,GEN (Tier3),0.9995277,-0.85180664,0.9998286
YPW,Multi-AOP,GEN (Tier3),0.9994792,-0.85428077,0.9999088
LGF,Multi-AOP,GEN (Tier3),0.99932384,-0.85646963,0.99986595
LFV,Multi-AOP,GEN (Tier3),0.99954164,-0.8534441,0.99991804
WLP,Multi-AOP,GEN (Tier3),0.9995554,-0.8528693,0.99989355
ISW,Multi-AOP,GEN (Tier3),0.99951744,-0.8535549,0.9998968
LSW,Multi-AOP,GEN (Tier3),0.99955046,-0.8529218,0.9998893
QAY,Multi-AOP,GEN (Tier3),0.9995997,-0.85210204,0.99990165
YSQ,Multi-AOP,GEN (Tier3),0.9995966,-0.8522128,0.9999143
PHC,Multi-AOP,GEN (Tier3),0.9996362,-0.85161823,0.99991083
YPQ,Multi-AOP,GEN (Tier3),0.9995178,-0.8531873,0.9998978
VVH,Multi-AOP,GEN (Tier3),0.9996764,-0.8497497,0.99985576
FDRR,Multi-AOP,GEN (Tier3),0.9991857,-0.85766965,0.99980605
LDQW,Multi-AOP,GEN (Tier3),0.9995307,-0.8532619,0.9999044
INYW,Multi-AOP,GEN (Tier3),0.9993283,-0.85681665,0.99987507
WIQP,Multi-AOP,GEN (Tier3),0.9996401,-0.8516209,0.9999174
ELIN,Multi-AOP,GEN (Tier3),0.99958766,-0.8519672,0.99989927
IVPK,Multi-AOP,GEN (Tier3),0.9994184,-0.8553858,0.99989647
LVPK,Multi-AOP,GEN (Tier3),0.9995172,-0.85386646,0.99991506
TSTA,Multi-AOP,GEN (Tier3),0.9995426,-0.8520662,0.9998473
GGRP,Multi-AOP,GEN (Tier3),0.9994061,-0.85461897,0.99986243
FLPE,Multi-AOP,GEN (Tier3),0.9996919,-0.8501202,0.99989307
VVLY,Multi-AOP,GEN (Tier3),0.9996519,-0.8513965,0.9999151
EAVQ,Multi-AOP,GEN (Tier3),0.9997046,-0.84933954,0.9998695
FSEY,Multi-AOP,GEN (Tier3),0.9995941,-0.85309255,0.9999512
MFLG,Multi-AOP,GEN (Tier3),0.9994951,-0.85345614,0.9998661
YGFL,Multi-AOP,GEN (Tier3),0.99951553,-0.8542961,0.99993455
YGLF,Multi-AOP,GEN (Tier3),0.99947584,-0.85455835,0.9999182
PLGG,Multi-AOP,GEN (Tier3),0.999687,-0.84973717,0.9998767
VKRP,Multi-AOP,GEN (Tier3),0.999474,-0.8545614,0.9999099
IYLGQ,Multi-AOP,GEN (Tier3),0.9994553,-0.8554072,0.99993056
YDTQA,Multi-AOP,GEN (Tier3),0.9995357,-0.8533057,0.9999062
MDGAP,Multi-AOP,GEN (Tier3),0.9993224,-0.85595447,0.99984056
MGSPT,Multi-AOP,GEN (Tier3),0.9994603,-0.85420537,0.9998747
NRYHE,Multi-AOP,GEN (Tier3),0.99940157,-0.85591596,0.99991924
FVLPH,Multi-AOP,GEN (Tier3),0.9996201,-0.85178596,0.9999112
QTPRY,Multi-AOP,GEN (Tier3),0.9995422,-0.8528433,0.9998946
NGRFY,Multi-AOP,GEN (Tier3),0.9993508,-0.8564021,0.9999019
QWDRQ,Multi-AOP,GEN (Tier3),0.99950635,-0.8530289,0.99986494
SHNPF,Multi-AOP,GEN (Tier3),0.9995606,-0.8526317,0.99990785
REPKW,Multi-AOP,GEN (Tier3),0.9995034,-0.8538811,0.99991256
LHSMK,Multi-AOP,GEN (Tier3),0.9996084,-0.852456,0.99992895
DNLLN,Multi-AOP,GEN (Tier3),0.99955356,-0.8526145,0.9999008
NKGPR,Multi-AOP,GEN (Tier3),0.99948126,-0.8541909,0.9999076
RGLSK,Multi-AOP,GEN (Tier3),0.9995682,-0.8531854,0.9999376
WLMSA,Multi-AOP,GEN (Tier3),0.99946153,-0.85510147,0.99991244
LSNGK,Multi-AOP,GEN (Tier3),0.99957085,-0.8532417,0.999938
LKYPI,Multi-AOP,GEN (Tier3),0.99949515,-0.8546801,0.99992687
YASVV,Multi-AOP,GEN (Tier3),0.9995469,-0.85317224,0.99990463
NFWWP,Multi-AOP,GEN (Tier3),0.9994687,-0.85409725,0.9998801
FWKVV,Multi-AOP,GEN (Tier3),0.9995714,-0.85330474,0.99993324
TWKVV,Multi-AOP,GEN (Tier3),0.99948484,-0.85451394,0.9999198
FMPLH,Multi-AOP,GEN (Tier3),0.9996899,-0.85059,0.9999108
YFLWP,Multi-AOP,GEN (Tier3),0.9996157,-0.8526039,0.99994075
WVWWW,Multi-AOP,GEN (Tier3),0.99903095,-0.8587471,0.9997047
VIAPW,Multi-AOP,GEN (Tier3),0.9995191,-0.8535923,0.9999118
MWKVW,Multi-AOP,GEN (Tier3),0.99933934,-0.8558875,0.99985635
LPILR,Multi-AOP,GEN (Tier3),0.9995492,-0.8535676,0.9999244
VIEPR,Multi-AOP,GEN (Tier3),0.99952906,-0.85363793,0.9999133
YPFVE,Multi-AOP,GEN (Tier3),0.99956584,-0.8534064,0.9999344
YGFLP,Multi-AOP,GEN (Tier3),0.9995469,-0.85366607,0.99993443
QIESW,Multi-AOP,GEN (Tier3),0.99962366,-0.8521215,0.9999316
IPIGP,Multi-AOP,GEN (Tier3),0.9995637,-0.853104,0.9999155
YPLDL,Multi-AOP,GEN (Tier3),0.9996003,-0.8514084,0.9998781
TSNLLT,Multi-AOP,GEN (Tier3),0.9995996,-0.85260135,0.99993354
LMRWMR,Multi-AOP,GEN (Tier3),0.99899656,-0.8596076,0.99970305
DWMKGQ,Multi-AOP,GEN (Tier3),0.9995161,-0.8537692,0.9999239
WCTSVS,Multi-AOP,GEN (Tier3),0.99948186,-0.8548213,0.99992746
DHPFLF,Multi-AOP,GEN (Tier3),0.9993594,-0.8552381,0.99984515
TMFPSA,Multi-AOP,GEN (Tier3),0.9996278,-0.8514729,0.99989176
SDWDRF,Multi-AOP,GEN (Tier3),0.9993368,-0.85633445,0.9998765
WVAPLK,Multi-AOP,GEN (Tier3),0.9995227,-0.85386825,0.99990994
LHDELT,Multi-AOP,GEN (Tier3),0.99961066,-0.85181916,0.9999059
QRNNPY,Multi-AOP,GEN (Tier3),0.999301,-0.8566966,0.9998667
WDTRGQ,Multi-AOP,GEN (Tier3),0.99941087,-0.8555022,0.9999036
VSPHLP,Multi-AOP,GEN (Tier3),0.9997004,-0.8505304,0.9999199
WNMNAH,Multi-AOP,GEN (Tier3),0.9993798,-0.85614073,0.99989235
SDGFQF,Multi-AOP,GEN (Tier3),0.9995208,-0.8534218,0.9999049
TPCPPQ,Multi-AOP,GEN (Tier3),0.999552,-0.8527788,0.99989814
LLCVAV,Multi-AOP,GEN (Tier3),0.99949324,-0.8538842,0.9999037
YFYPQL,Multi-AOP,GEN (Tier3),0.99953747,-0.8539935,0.9999474
GFGPGL,Multi-AOP,GEN (Tier3),0.9994347,-0.85531294,0.99992144
LTTLDS,Multi-AOP,GEN (Tier3),0.9996228,-0.85267967,0.99995285
MPACGS,Multi-AOP,GEN (Tier3),0.9994501,-0.85462236,0.9998916
FDPFPK,Multi-AOP,GEN (Tier3),0.9995936,-0.85273397,0.9999291
LEDGLK,Multi-AOP,GEN (Tier3),0.999488,-0.8547008,0.99993503
IDDVLK,Multi-AOP,GEN (Tier3),0.9993236,-0.85676515,0.9998773
MLLFPM,Multi-AOP,GEN (Tier3),0.9995045,-0.85342467,0.9998826
RDKVYR,Multi-AOP,GEN (Tier3),0.99937093,-0.85603213,0.99988955
LTEIIP,Multi-AOP,GEN (Tier3),0.9995047,-0.8539758,0.9999087
YPFVVN,Multi-AOP,GEN (Tier3),0.9994807,-0.85496217,0.99993324
YPLDLF,Multi-AOP,GEN (Tier3),0.99962735,-0.85164857,0.99990875
YLGYLE,Multi-AOP,GEN (Tier3),0.99952996,-0.85427916,0.999944
NWEKIR,Multi-AOP,GEN (Tier3),0.99927366,-0.85761726,0.9998821
RWWQLR,Multi-AOP,GEN (Tier3),0.99911183,-0.85854524,0.99977887
AIILHQ,Multi-AOP,GEN (Tier3),0.99952865,-0.8539953,0.9999292
DLTDFL,Multi-AOP,GEN (Tier3),0.999499,-0.8540543,0.9999156
VLLHLK,Multi-AOP,GEN (Tier3),0.9996651,-0.8505693,0.999892
DKIHPF,Multi-AOP,GEN (Tier3),0.99956656,-0.85331285,0.99994314
VPYPQR,Multi-AOP,GEN (Tier3),0.99950695,-0.8545682,0.9999403
SGYYMH,Multi-AOP,GEN (Tier3),0.9995403,-0.8534566,0.99991804
LGTFQN,Multi-AOP,GEN (Tier3),0.99963963,-0.85190064,0.9999393
LHALLL,Multi-AOP,GEN (Tier3),0.99967885,-0.850706,0.99991035
VLPVPEK,Multi-AOP,GEN (Tier3),0.9995432,-0.8538766,0.9999432
SSGFTMQ,Multi-AOP,GEN (Tier3),0.9996071,-0.8522059,0.99991643
EAAVYPL,Multi-AOP,GEN (Tier3),0.99952394,-0.85394955,0.9999275
APGAGVY,Multi-AOP,GEN (Tier3),0.9995487,-0.85340273,0.99992007
YYQQKPV,Multi-AOP,GEN (Tier3),0.99929154,-0.8574439,0.99989045
LPDEVSG,Multi-AOP,GEN (Tier3),0.9996477,-0.85189044,0.9999374
QFLLAGR,Multi-AOP,GEN (Tier3),0.99960613,-0.8524492,0.99992824
NQNGRFY,Multi-AOP,GEN (Tier3),0.9993979,-0.8558142,0.99991345
GSIFVPH,Multi-AOP,GEN (Tier3),0.99963516,-0.8516892,0.9999105
HHQDPPW,Multi-AOP,GEN (Tier3),0.9994952,-0.85386986,0.9998975
VGGDGDV,Multi-AOP,GEN (Tier3),0.9994195,-0.85467935,0.9998675
IIAPPER,Multi-AOP,GEN (Tier3),0.99953777,-0.85377973,0.9999281
LAPSTIK,Multi-AOP,GEN (Tier3),0.99955034,-0.85358113,0.99993575
AGDDAPR,Multi-AOP,GEN (Tier3),0.9994588,-0.8544462,0.9998927
FKGPACA,Multi-AOP,GEN (Tier3),0.99953246,-0.8534889,0.99991
SVLGTGC,Multi-AOP,GEN (Tier3),0.9996239,-0.8518027,0.99991655
YPFPGPI,Multi-AOP,GEN (Tier3),0.99942964,-0.8555728,0.99991465
RYLGYLE,Multi-AOP,GEN (Tier3),0.9994451,-0.85547495,0.9999291
IDLGTTY,Multi-AOP,GEN (Tier3),0.9994926,-0.854548,0.99992824
GEGFFEM,Multi-AOP,GEN (Tier3),0.99952185,-0.8537946,0.99991924
APGIIPR,Multi-AOP,GEN (Tier3),0.9994178,-0.85587907,0.9999224
AEYVRLY,Multi-AOP,GEN (Tier3),0.99950206,-0.85440016,0.9999263
AIILHQQ,Multi-AOP,GEN (Tier3),0.9994896,-0.854404,0.9999143
HQTSEFK,Multi-AOP,GEN (Tier3),0.99959004,-0.8528316,0.99992716
IILHQQQ,Multi-AOP,GEN (Tier3),0.99928087,-0.85671604,0.9998312
PSIVGRP,Multi-AOP,GEN (Tier3),0.9995495,-0.8537256,0.9999349
KVLPVPE,Multi-AOP,GEN (Tier3),0.99947906,-0.8551364,0.9999377
KVLPVPQ,Multi-AOP,GEN (Tier3),0.99952364,-0.85444653,0.9999449
DAQEFKR,Multi-AOP,GEN (Tier3),0.99957716,-0.85262394,0.9999261
KVLPVPEK,Multi-AOP,GEN (Tier3),0.9994454,-0.8557359,0.9999371
HTVQCMFQ,Multi-AOP,GEN (Tier3),0.99959326,-0.85237736,0.99991024
YPKLAPNE,Multi-AOP,GEN (Tier3),0.9995138,-0.8540201,0.99992335
FVAPFPEV,Multi-AOP,GEN (Tier3),0.9996834,-0.8509692,0.99992317
GMPGFDVR,Multi-AOP,GEN (Tier3),0.9995781,-0.8530805,0.99993
YSNQNGRF,Multi-AOP,GEN (Tier3),0.999419,-0.8555942,0.9999219
PQGPIGVP,Multi-AOP,GEN (Tier3),0.9992056,-0.85744274,0.9997962
SRGLPGME,Multi-AOP,GEN (Tier3),0.9994968,-0.85428834,0.99992824
PAGLPGPA,Multi-AOP,GEN (Tier3),0.9994229,-0.8551365,0.99988925
VAPEEHPV,Multi-AOP,GEN (Tier3),0.99954295,-0.8539808,0.9999407
NYVADGLG,Multi-AOP,GEN (Tier3),0.999523,-0.85397995,0.9999249
LQAEQDDR,Multi-AOP,GEN (Tier3),0.9996073,-0.8523463,0.99992824
FAPVPFDF,Multi-AOP,GEN (Tier3),0.99956864,-0.8528783,0.99992347
YPFPGPIP,Multi-AOP,GEN (Tier3),0.9993465,-0.85688156,0.9999074
YPFPGPIN,Multi-AOP,GEN (Tier3),0.99948674,-0.85468465,0.9999285
IGFLIIWV,Multi-AOP,GEN (Tier3),0.9993205,-0.85665035,0.99987626
AGWACLVG,Multi-AOP,GEN (Tier3),0.9992571,-0.85691226,0.9998212
AIILHQQQ,Multi-AOP,GEN (Tier3),0.9993576,-0.85645354,0.99989456
GTFLQPHQ,Multi-AOP,GEN (Tier3),0.99967456,-0.851215,0.9999323
LTADILPR,Multi-AOP,GEN (Tier3),0.9995433,-0.8536787,0.9999279
VAITLTMK,Multi-AOP,GEN (Tier3),0.9995611,-0.8534328,0.9999329
VLPPQQQY,Multi-AOP,GEN (Tier3),0.9993675,-0.856298,0.99989295
VPPSKLSP,Multi-AOP,GEN (Tier3),0.99963635,-0.85186344,0.9999209
VSKSVLVK,Multi-AOP,GEN (Tier3),0.9996084,-0.8528172,0.9999458
DNIPIVIR,Multi-AOP,GEN (Tier3),0.9994049,-0.85585606,0.9999079
EALEAMFL,Multi-AOP,GEN (Tier3),0.9996178,-0.85193056,0.999913
ITFAAYRR,Multi-AOP,GEN (Tier3),0.99948263,-0.8547304,0.99992514
HPVPPKKK,Multi-AOP,GEN (Tier3),0.99927485,-0.8575572,0.99986833
GEPGPPGAP,Multi-AOP,GEN (Tier3),0.9988296,-0.86084914,0.99963105
LARNATPPR,Multi-AOP,GEN (Tier3),0.9994917,-0.8540637,0.99991953
LADGVAAPA,Multi-AOP,GEN (Tier3),0.99946404,-0.85494816,0.9999217
LSKAQSDFG,Multi-AOP,GEN (Tier3),0.99963295,-0.85211504,0.99993724
VLSPPFTGE,Multi-AOP,GEN (Tier3),0.99969393,-0.85110134,0.9999473
WIHNENQGF,Multi-AOP,GEN (Tier3),0.9995458,-0.8535601,0.99992913
QGLQGLPGT,Multi-AOP,GEN (Tier3),0.99902695,-0.85918725,0.9997219
KGPPGEIGR,Multi-AOP,GEN (Tier3),0.99893427,-0.86069524,0.999704
AAAPVAVAK,Multi-AOP,GEN (Tier3),0.999388,-0.8548225,0.9998534
YDDGSYKPH,Multi-AOP,GEN (Tier3),0.9993808,-0.8561699,0.999897
AIGVGAIER,Multi-AOP,GEN (Tier3),0.99953425,-0.8537235,0.9999252
YLAGNQEQE,Multi-AOP,GEN (Tier3),0.99958414,-0.85277236,0.9999358
VVPPFLQPE,Multi-AOP,GEN (Tier3),0.99963456,-0.851892,0.9999262
PFPEVFGKE,Multi-AOP,GEN (Tier3),0.99942195,-0.8558285,0.99992377
SDPPLVFVG,Multi-AOP,GEN (Tier3),0.99952877,-0.8535669,0.99992335
NLNQCQRYM,Multi-AOP,GEN (Tier3),0.9993346,-0.8569269,0.99990255
WVSPLAGRT,Multi-AOP,GEN (Tier3),0.999493,-0.85467386,0.9999316
NAVPITPTL,Multi-AOP,GEN (Tier3),0.99953276,-0.8540106,0.99993765
MYGAVTPVK,Multi-AOP,GEN (Tier3),0.99945796,-0.85531294,0.99992657
AFDEGPWPK,Multi-AOP,GEN (Tier3),0.99956036,-0.8531054,0.99992573
AGLQFPVGR,Multi-AOP,GEN (Tier3),0.9996301,-0.852155,0.99993587
AMPVEVVQF,Multi-AOP,GEN (Tier3),0.9996263,-0.85112315,0.9998802
ENLQNYRLL,Multi-AOP,GEN (Tier3),0.99953705,-0.85350084,0.9999233
ESTAKQVIR,Multi-AOP,GEN (Tier3),0.9994875,-0.8545184,0.9999249
ESTLHLVLR,Multi-AOP,GEN (Tier3),0.99967057,-0.8512299,0.9999255
QTVAVGVIK,Multi-AOP,GEN (Tier3),0.9994476,-0.85499024,0.99990577
VMTVHNTPY,Multi-AOP,GEN (Tier3),0.9995899,-0.85296166,0.9999407
VIESPPEIN,Multi-AOP,GEN (Tier3),0.99951327,-0.8542385,0.9999268
ELQDKIHPF,Multi-AOP,GEN (Tier3),0.9995276,-0.8540286,0.9999374
YPFPGPIPN,Multi-AOP,GEN (Tier3),0.99944603,-0.8553233,0.9999262
QTFQYSRGWTN,Multi-AOP,FRS (Tier1),0.9998545,-0.8423636,0.9996621
LVTGDDKTNLK,Multi-AOP,FRS (Tier1),0.9998324,-0.8431482,0.9996823
MPVDVIANAYR,Multi-AOP,GEN (Tier3),0.99968326,-0.8470794,0.9997321
HNLDTQTESDV,Multi-AOP,FRS (Tier1),0.9998828,-0.83731246,0.999439
SCQDQPTTLAR,Multi-AOP,FRS (Tier1),0.99987614,-0.8382896,0.99947786
YIQKEDVPSER,Multi-AOP,FRS (Tier1),0.9998996,-0.839669,0.9995588
IGINAENNQRN,Multi-AOP,FRS (Tier1),0.9998431,-0.8421891,0.99963486
EDELQDKIHPF,Multi-AOP,FRS (Tier1),0.999838,-0.84194183,0.9996489
AVFPSIVGRPR,Multi-AOP,FRS (Tier1),0.9998326,-0.8423515,0.99964356
GGVLPNINPVL,Multi-AOP,FRS (Tier1),0.9998629,-0.8416083,0.99963546
LAQGTFLQPHQ,Multi-AOP,FRS (Tier1),0.99983895,-0.8373436,0.9994
TKMDEGVVTKK,Multi-AOP,FRS (Tier1),0.999792,-0.8445363,0.9996972
VLVSGSIHYPR,Multi-AOP,FRS (Tier1),0.99991274,-0.83759,0.9994633
NAGPFTPTVNR,Multi-AOP,FRS (Tier1),0.9998729,-0.84059286,0.9995818
PAEMVAAALDR,Multi-AOP,FRS (Tier1),0.9996684,-0.8436967,0.99955463
KVALMSAGSMH,Multi-AOP,FRS (Tier1),0.99984384,-0.83638823,0.99934196
GTPGLQGMPGER,Multi-AOP,GEN (Tier3),0.99364847,-0.8685374,0.995061
GPAGPTGARGAP,Multi-AOP,GEN (Tier3),0.9962212,-0.85946035,0.99705696
FVDAQPQQKEEG,Multi-AOP,FRS (Tier1),0.9998108,-0.8397734,0.9994925
VIESPPEINTVQ,Multi-AOP,FRS (Tier1),0.99987614,-0.8420368,0.99965775
FLKKISQRYQKF,Multi-AOP,GEN (Tier3),0.9996089,-0.84705746,0.99966985
HLQDFGSEILPR,Multi-AOP,FRS (Tier1),0.9999021,-0.8384354,0.9995121
QDAHVPDNFIPK,Multi-AOP,FRS (Tier1),0.9999256,-0.8410095,0.9996568
AAPFPGQKSLQR,Multi-AOP,FRS (Tier1),0.9998881,-0.83840823,0.99948996
GPIYSNEFGKFF,Multi-AOP,GEN (Tier3),0.9996579,-0.84727407,0.99971867
TVTSLDLPVLRW,Multi-AOP,FRS (Tier1),0.99989325,-0.8382087,0.9994838
YFPTQALNFAFK,Multi-AOP,FRS (Tier1),0.9998417,-0.84154534,0.9995974
SLVYPFPGPIPN,Multi-AOP,FRS (Tier1),0.9999119,-0.8409511,0.99963415
GNQEKVLELVQR,Multi-AOP,FRS (Tier1),0.9997487,-0.845227,0.9997046
GTVFEKKALPGPM,Multi-AOP,FRS (Tier1),0.9998472,-0.84332013,0.9996973
LRENNKLMLLELK,Multi-AOP,GEN (Tier3),0.9994718,-0.8495307,0.999653
TIDMESTEVFTKK,Multi-AOP,FRS (Tier1),0.9999105,-0.83989054,0.99957883
QETTGVEGPKGDT,Multi-AOP,GEN (Tier3),0.99832374,-0.8528459,0.9987282
ASGLCPEEAVPRR,Multi-AOP,FRS (Tier1),0.99984974,-0.84142095,0.999606
MRKPQQEEDDDDE,Multi-AOP,GEN (Tier3),0.99691004,-0.86064166,0.9978324
QNWDFCEAWEPCF,Multi-AOP,GEN (Tier3),0.99961185,-0.84641635,0.99965996
IKGTIAGGGVIPH,Multi-AOP,FRS (Tier1),0.99984515,-0.8410708,0.9995823
GPRGLPGERGRPGA,Multi-AOP,GEN (Tier3),0.99259806,-0.87116957,0.99421966
GKHQQEEENEGGSI,Multi-AOP,GEN (Tier3),0.99909884,-0.85010624,0.99933875
NALEPDHRVESEGG,Multi-AOP,FRS (Tier1),0.9998566,-0.8386794,0.9994677
HEQKEEHEWHRKEE,Multi-AOP,GEN (Tier3),0.99858046,-0.8525709,0.99897325
ALPQYLKTVYQHQK,Multi-AOP,FRS (Tier1),0.9997703,-0.84365106,0.9996389
IQPKTKVIPYVRYL,Multi-AOP,GEN (Tier3),0.9997762,-0.8473486,0.9998291
DLGSTGGRGPSAGM,Multi-AOP,FRS (Tier1),0.99978566,-0.83918095,0.99943054
FLPFFAACAITRKC,Multi-AOP,GEN (Tier3),0.99748516,-0.8616307,0.9984031
NSSYFVEWIPNNVK,Multi-AOP,FRS (Tier1),0.9998025,-0.84566665,0.9997722
MAPAAVAAAEAGSK,Multi-AOP,GEN (Tier3),0.99781156,-0.8548081,0.9983567
VLPVPQKKVLPVPQK,Multi-AOP,FRS (Tier1),0.99706876,-0.844038,0.9970629
NTVPAKSCQAQPTTM,Multi-AOP,FRS (Tier1),0.9998379,-0.8390276,0.9994692
FLTGLIGGLMKALGK,Multi-AOP,GEN (Tier3),0.9657558,-0.8995248,0.9701425
YQGPIVLNPWDQVKR,Multi-AOP,FRS (Tier1),0.9998059,-0.84605676,0.99979216
APFPEVFGKEKVNEL,Multi-AOP,GEN (Tier3),0.9997103,-0.84735656,0.9997825
GPAGSPGFQGLPGPAG,Multi-AOP,GEN (Tier3),0.99069893,-0.8745085,0.9925673
PGAEGAPGRDGAAGPK,Multi-AOP,GEN (Tier3),0.98769325,-0.8869209,0.99034953
PGEKGSPGADGPIGAP,Multi-AOP,GEN (Tier3),0.99042046,-0.87896943,0.9925437
RFIYMKGFGKPRFGKR,Multi-AOP,GEN (Tier3),0.9987849,-0.85523766,0.99929047
FLPVLGKVIKLVGGLL,Multi-AOP,GEN (Tier3),0.941198,-0.910262,0.94720936
EGGDGGYGGGGGGSRW,Multi-AOP,GEN (Tier3),0.9920629,-0.87871885,0.9941323
AAGAAAAARSAGQCGR,Multi-AOP,GEN (Tier3),0.99730897,-0.8593817,0.998116
HKEMQAIFDVYIMFIN,Multi-AOP,FRS (Tier1),0.9996846,-0.8461542,0.99968433
YQQPVLGPVRGPFPIIV,Multi-AOP,GEN (Tier3),0.9996377,-0.8496059,0.9998251
HKEMPFPKYPVEPFTESQ,Multi-AOP,GEN (Tier3),0.99960685,-0.84952736,0.99978113
IGPSSSPDIYNPEAGRIK,Multi-AOP,GEN (Tier3),0.9996734,-0.8492304,0.99982643
IWCKDDQNPHSSNISCDKF,Multi-AOP,GEN (Tier3),0.9995177,-0.848771,0.9996655
GGGGYGGGGGGYGGGGGGY,Multi-AOP,GEN (Tier3),0.97389174,-0.8852413,0.97709435
AYLQAQQLLPFNQLVRSPAA,Multi-AOP,GEN (Tier3),0.9995788,-0.8499214,0.99978137
GWANTLKNVAGGLCKITGAA,Multi-AOP,GEN (Tier3),0.96794164,-0.9046098,0.972541
GAPKGCWTKSYPPQPCFGKK,Multi-AOP,GEN (Tier3),0.99696326,-0.8696203,0.9982995
TVVPPKGGSFYPGETTPLQQ,Multi-AOP,GEN (Tier3),0.9995868,-0.84931076,0.9997673
WSRRGEREEEDERRRHGGEGGRPYHLGEES,DFBP,GEN (Tier3),0.9960144,-0.8661011,0.9972317
IVGGFPHYL,DFBP,GEN (Tier3),0.99956715,-0.8534574,0.9999416
ICNIMC,DFBP,GEN (Tier3),0.99936724,-0.85609055,0.999877
LLRSVGVPL,DFBP,GEN (Tier3),0.99945027,-0.8548653,0.99990976
SMLGDGTLPPDLA,DFBP,FRS (Tier1),0.9998714,-0.84208643,0.99965596
FFRSKLLSDGAAAAKGALLPQYW,DFBP,GEN (Tier3),0.99946404,-0.8511331,0.9997499
YGG,DFBP,GEN (Tier3),0.9993156,-0.85547054,0.99981046
DLQGK,DFBP,GEN (Tier3),0.9996045,-0.85172296,0.9999014
HANENIF,DFBP,GEN (Tier3),0.99955803,-0.85345316,0.99993956
YQQND,DFBP,GEN (Tier3),0.9994721,-0.8544232,0.99991125
MKC,DFBP,GEN (Tier3),0.9994176,-0.85471267,0.9998615
QTM,DFBP,GEN (Tier3),0.9994536,-0.8535502,0.999831
QSA,DFBP,GEN (Tier3),0.99914145,-0.8554334,0.9996292
PLR,DFBP,GEN (Tier3),0.9995098,-0.85347897,0.99989283
FKI,DFBP,GEN (Tier3),0.9994776,-0.85370004,0.9998705
IDA,DFBP,GEN (Tier3),0.9993316,-0.8555894,0.9998313
FCM,DFBP,GEN (Tier3),0.999375,-0.8552195,0.99985385
DDE,DFBP,GEN (Tier3),0.99919206,-0.8529318,0.99960256
LKA,DFBP,GEN (Tier3),0.999619,-0.851691,0.99989855
LRTLPM,DFBP,GEN (Tier3),0.999458,-0.85500455,0.9999192
YMVSAIWG,DFBP,GEN (Tier3),0.9994787,-0.8549147,0.99993086
YPQLLPNE,DFBP,GEN (Tier3),0.9994843,-0.8546283,0.999925
SDAAVDTSSEITTKDLKEKKEVVEEAEN,DFBP,GEN (Tier3),0.99197733,-0.8840133,0.99424934
KIIIYN,DFBP,GEN (Tier3),0.99936116,-0.8556256,0.9998492
KILIYG,DFBP,GEN (Tier3),0.999532,-0.85348856,0.99990267
PPMHLP,DFBP,GEN (Tier3),0.99958754,-0.8526852,0.9999162
GAHTGPRKPFKPR,DFBP,GEN (Tier3),0.9996146,-0.84848744,0.9997422
KFFPS,DFBP,GEN (Tier3),0.99963504,-0.8517412,0.9999094
QNGRFY,DFBP,GEN (Tier3),0.99947417,-0.85440147,0.9999162
IFVPH,DFBP,GEN (Tier3),0.9996663,-0.8514004,0.99992496
SSHWSS,DFBP,GEN (Tier3),0.99963915,-0.85083926,0.999887
DVFNPR,DFBP,GEN (Tier3),0.99956685,-0.8533544,0.99993646
SPW,DFBP,GEN (Tier3),0.99942315,-0.8527901,0.9997915
SQW,DFBP,GEN (Tier3),0.9996541,-0.84987664,0.9998522
GPSGPPGPKGN,DFBP,GEN (Tier3),0.9952438,-0.8557968,0.99595237
GAPGPAGQVGAP,DFBP,GEN (Tier3),0.9969334,-0.8584466,0.9976801
FLFSLIPSAISGLISAFK,Peptipedia,GEN (Tier3),0.948472,-0.91177464,0.9542568
GFGSLFKFLAKKVAKTVAKQAAKQGAKYIANKQME,Peptipedia,GEN (Tier3),0.93971455,-0.931992,0.9469634
FWGALIKGAAKLIPSVVGLFKKKQ,Peptipedia,GEN (Tier3),0.9040813,-0.92817914,0.91270447
FIGTALGIASAIPAIVKLFK,Peptipedia,GEN (Tier3),0.9436743,-0.92157483,0.9501997
LKLKSIVSWAKKVL,Peptipedia,GEN (Tier3),0.9862814,-0.88698244,0.9890729
CVVSSGWKWNYKIRCKLTGNC,Peptipedia,GEN (Tier3),0.99905825,-0.8555317,0.9995657
KYYGNGVTCGKHSCSVDWGKATTCIINNGAMAWATGGHQGNHKC,Peptipedia,GEN (Tier3),0.99357504,-0.8830621,0.9957375
RILTMTKRVKMPQLYKQIVCRLFKTC,Peptipedia,GEN (Tier3),0.9990928,-0.85428154,0.999526
ALWKDILKNVGKAAGKAVLNTVTDMVNQ,Peptipedia,GEN (Tier3),0.9464859,-0.92672575,0.9531604
LFGFLIKLIPSLFGALSNIGRNRNQ,Peptipedia,GEN (Tier3),0.95763904,-0.9236892,0.9635688
GIGGKILSGLKTALKGAAKELASTYLH,Peptipedia,GEN (Tier3),0.9450103,-0.92731655,0.9517572
LVP,Peptipedia,GEN (Tier3),0.9996846,-0.8501488,0.99988604
YPVEPF,Peptipedia,GEN (Tier3),0.9994999,-0.8543038,0.9999274
KAVPYPQ,Peptipedia,GEN (Tier3),0.99949926,-0.8544823,0.99992603
GLFSKKGGKGGKSWIKGVFKGIKGIGKEVGGDVIRTGIEIAACKIKGEC,Peptipedia,GEN (Tier3),0.9458573,-0.94181645,0.95324767
SLFSLIKAGAKFLGKNMLKQGPQYPACKVSKDSENVNWKS,Peptipedia,GEN (Tier3),0.971822,-0.91969573,0.9769462
GLISTIWNTASNVAGTLTDSVKCKFKKC,Peptipedia,GEN (Tier3),0.96014386,-0.92160755,0.9659449
EGCNILCLLKRKVKAVKNVVKNVVKSVVG,Peptipedia,GEN (Tier3),0.9658361,-0.9191971,0.9712074
KKCNFFCKLKKKVKSVGSRNLIGSATHHHRIYRV,Peptipedia,GEN (Tier3),0.9984578,-0.86071056,0.99926245
MTPLWRIMGTKPYGAYCQNNYECSTGVCRKGHCSFSQPLNS,Peptipedia,GEN (Tier3),0.98751754,-0.87476814,0.9895377
MTPLWRILASKPQGAYCHDHIECSTGLCR,Peptipedia,GEN (Tier3),0.9867135,-0.8812649,0.989138
WMHQPPQPLPPTVMFPPQSVL,Peptipedia,GEN (Tier3),0.9979148,-0.8615803,0.9987918
QEPVLGPVRGPFPILV,Peptipedia,FRS (Tier1),0.99973524,-0.84460986,0.9996454
TDAPSFSDIPNPIGSENSGK,Peptipedia,FRS (Tier1),0.99973416,-0.8441296,0.9996251
DIPNPIGSENSGKTTMPLW,Peptipedia,FRS (Tier1),0.9998393,-0.8431825,0.99967885
SKWQHQQDSCRKQKQGVNLTPCEKHIMEKIQGRGDDDDDDDDD,Peptipedia,GEN (Tier3),0.99765927,-0.8615187,0.9985534
GGTCVIRGCVPKKLM,Peptipedia,GEN (Tier3),0.9994694,-0.85053205,0.99970543
AFGPE,Peptipedia,GEN (Tier3),0.99966764,-0.850146,0.9998846
DEVPR,Peptipedia,GEN (Tier3),0.99955046,-0.85266453,0.99989307
DGDPLLDQ,Peptipedia,GEN (Tier3),0.99958754,-0.8523387,0.99991167
ESGAVTE,Peptipedia,GEN (Tier3),0.99955326,-0.85293746,0.9999034
FDAVGVK,Peptipedia,GEN (Tier3),0.9996081,-0.8526062,0.9999354
FGPEMEQ,Peptipedia,GEN (Tier3),0.99942005,-0.85593915,0.9999335
FVLGL,Peptipedia,GEN (Tier3),0.9994244,-0.85512453,0.9998957
LAGNPENE,Peptipedia,GEN (Tier3),0.99962145,-0.8519342,0.99992335
LAGNPQDE,Peptipedia,GEN (Tier3),0.9996326,-0.851853,0.99993134
LFSPR,Peptipedia,GEN (Tier3),0.99961126,-0.85234165,0.9999346
LLAQA,Peptipedia,GEN (Tier3),0.99963295,-0.8515661,0.9999125
LLES,Peptipedia,GEN (Tier3),0.9996773,-0.8505433,0.9999047
LLMQ,Peptipedia,GEN (Tier3),0.99961364,-0.8519094,0.99990654
LLNDE,Peptipedia,GEN (Tier3),0.9996748,-0.85079837,0.99990684
LLPGANH,Peptipedia,GEN (Tier3),0.99962133,-0.85210276,0.9999199
LQAE,Peptipedia,GEN (Tier3),0.9996326,-0.85129225,0.99990165
LYSPH,Peptipedia,GEN (Tier3),0.99968696,-0.85092545,0.99993414
LYTPH,Peptipedia,GEN (Tier3),0.9995778,-0.8531019,0.9999411
NGDPLLDQ,Peptipedia,GEN (Tier3),0.99960655,-0.85249513,0.99992704
NLGDPS,Peptipedia,GEN (Tier3),0.9996782,-0.851115,0.9999245
NLGNPE,Peptipedia,GEN (Tier3),0.9995848,-0.85274863,0.9999255
NLPLL,Peptipedia,GEN (Tier3),0.99953294,-0.8532846,0.9999056
QLPLL,Peptipedia,GEN (Tier3),0.99963975,-0.85068285,0.9998683
TELAL,Peptipedia,GEN (Tier3),0.99957836,-0.8527596,0.9999273
VTYDYYKN,Peptipedia,GEN (Tier3),0.9994824,-0.8544867,0.9999144
VVNE,Peptipedia,GEN (Tier3),0.9995347,-0.85338575,0.9999044
YGPQQQE,Peptipedia,GEN (Tier3),0.9995059,-0.8535741,0.9999014
DSEGHRTAPCYVMKILF,Peptipedia,FRS (Tier1),0.99985296,-0.84188974,0.999621
HHLGGAKQAGDV,Peptipedia,FRS (Tier1),0.99981046,-0.83472306,0.9992261
PGWNQWFL,Peptipedia,GEN (Tier3),0.9994884,-0.85467833,0.999933
VEVLPPAEL,Peptipedia,GEN (Tier3),0.99961686,-0.85255873,0.99993736
LLTC,Peptipedia,GEN (Tier3),0.9995426,-0.85364926,0.9999243
MFIF,Peptipedia,GEN (Tier3),0.9995227,-0.8522068,0.99984115
FLGQQQPFPPQQPYPQPQPFPSQQPY,Peptipedia,GEN (Tier3),0.9747197,-0.90251124,0.978756
KKVGYNPDKIPFVPISGFEGDNMIER,Peptipedia,GEN (Tier3),0.9797114,-0.8987731,0.98341006
LNSGDALRVPSGTTYY,Peptipedia,FRS (Tier1),0.99990344,-0.8435246,0.9997639
IIGATNPAESAPGTIR,Peptipedia,FRS (Tier1),0.9998714,-0.839528,0.9995129
LASSGIDHEGRLPR,Peptipedia,FRS (Tier1),0.9999038,-0.83914304,0.9995415
MIAFNKEQDTDLQSK,Peptipedia,FRS (Tier1),0.9996953,-0.84486073,0.9996362
REGGGGGYGGGGGGYGGR,Peptipedia,GEN (Tier3),0.93231106,-0.91085565,0.9386598
QQQTED,Peptipedia,GEN (Tier3),0.9995943,-0.8508368,0.9998514
NSKKTVD,Peptipedia,GEN (Tier3),0.99950385,-0.8543404,0.999926
TVQVT,Peptipedia,GEN (Tier3),0.99967587,-0.850584,0.99989885
TVQVTST,Peptipedia,GEN (Tier3),0.9995277,-0.8536024,0.9999137
PIGSENS,Peptipedia,GEN (Tier3),0.99963135,-0.85212445,0.9999312
IESPPEIN,Peptipedia,GEN (Tier3),0.9994676,-0.8546911,0.9999125
GVRGPFPII,Peptipedia,GEN (Tier3),0.9995212,-0.8541731,0.9999331
MAPKHKEMPFPKYPVQPF,Peptipedia,GEN (Tier3),0.9992533,-0.8520134,0.9995674
SLPQNIPPLTQTPVVVPFLQPEVM,Peptipedia,GEN (Tier3),0.99872464,-0.8565968,0.9992918
PVRGLHP,Peptipedia,GEN (Tier3),0.99958634,-0.85293776,0.99993765
VLSLSQSKVLPVPQKAVPYPQRDMPIQA,Peptipedia,GEN (Tier3),0.99896204,-0.8556477,0.9994556
AIAGAGVLSGYDQLQILFFGK,Peptipedia,GEN (Tier3),0.9991799,-0.85409176,0.99962586
VFVDEGLEVLGWRPVPFNVSVVGRNAK,Peptipedia,GEN (Tier3),0.99819344,-0.85986125,0.99893904
RLSLPAGAPVTVAVSP,Peptipedia,FRS (Tier1),0.9996391,-0.8461178,0.99963397
NANGELCPNNMCCSQWGYCGLGSEFCGNGCQSGACCPEK,Peptipedia,GEN (Tier3),0.9853349,-0.885592,0.9880364
DLADIPQQQRLMAGLALVVATVIFLK,Peptipedia,GEN (Tier3),0.99468374,-0.8795904,0.9966506
KNGSIFNSPSATAATIIHGHNYSGLAYLDFVTSK,Peptipedia,GEN (Tier3),0.9875652,-0.8801204,0.9898402
YEWEPTVPNFDVAKDVTDM,Peptipedia,GEN (Tier3),0.99917793,-0.8557965,0.9997071
GVSNAAVVAGGH,Peptipedia,FRS (Tier1),0.9996482,-0.84269047,0.9994643
PPGPGPGPPPPPGAAGRGGGG,Peptipedia,GEN (Tier3),0.9885082,-0.8752072,0.9905467
GVSKVKEAMAPKH,Peptipedia,GEN (Tier3),0.99881744,-0.8504544,0.99911106
MYPGLA,Peptipedia,GEN (Tier3),0.99940085,-0.8558676,0.9999027
WAFAPA,Peptipedia,GEN (Tier3),0.99956006,-0.85335803,0.9999279
AGPSIVH,Peptipedia,GEN (Tier3),0.9995473,-0.85321546,0.999908
NAPVSIPQ,Peptipedia,GEN (Tier3),0.99956214,-0.8529635,0.99991125
SNLCRPCG,Peptipedia,GEN (Tier3),0.99942464,-0.8553018,0.99990904
FLLPH,Peptipedia,GEN (Tier3),0.9996836,-0.8504973,0.9999027
IRWWW,Peptipedia,GEN (Tier3),0.99903595,-0.85899776,0.999725
VLWEE,Peptipedia,GEN (Tier3),0.999594,-0.8521489,0.99990517
LPGPILSSFPQ,Peptipedia,FRS (Tier1),0.9998945,-0.8352022,0.9993293
VNPESQQGSPR,Peptipedia,FRS (Tier1),0.9998714,-0.836686,0.999385
LTEQESGVPVMK,Peptipedia,FRS (Tier1),0.9999006,-0.8400119,0.9995881
IREADIDGDGQVN,Peptipedia,GEN (Tier3),0.9916254,-0.8769772,0.9936208
AMRLTGNRPCIGAT,Peptipedia,FRS (Tier1),0.99983543,-0.84333605,0.9996895
AMRLTGNRPCLYAT,Peptipedia,FRS (Tier1),0.9998106,-0.84440553,0.99972486
AMRLTYNRPGLYAT,Peptipedia,GEN (Tier3),0.99966264,-0.8480508,0.999767
KHQGLPQEVLNENLL,Peptipedia,FRS (Tier1),0.9998356,-0.8380566,0.99941945
DKTEIPTINTIASGEPT,Peptipedia,GEN (Tier3),0.9997416,-0.84641576,0.9997492
EKDDTGTPITKIELVPSH,Peptipedia,GEN (Tier3),0.9991773,-0.85488653,0.9996451
LNALEPDNTVQSEAGTIETWNPK,Peptipedia,GEN (Tier3),0.99921775,-0.85427296,0.99965787
YYC,Peptipedia,GEN (Tier3),0.99934924,-0.85596806,0.9998673
CYY,Peptipedia,GEN (Tier3),0.9993489,-0.85561466,0.9998555
DHH,Peptipedia,GEN (Tier3),0.99955475,-0.8513441,0.9998426
EHH,Peptipedia,GEN (Tier3),0.99964464,-0.8488729,0.9998013
HHH,Peptipedia,GEN (Tier3),0.9994,-0.84851015,0.9995426
HKH,Peptipedia,GEN (Tier3),0.9996523,-0.84965026,0.99984187
HRH,Peptipedia,GEN (Tier3),0.99947846,-0.8530488,0.99984634
HAH,Peptipedia,GEN (Tier3),0.999653,-0.8481847,0.9997542
HIH,Peptipedia,GEN (Tier3),0.99972045,-0.84931785,0.9998774
HVH,Peptipedia,GEN (Tier3),0.99968016,-0.8493998,0.9998373
KHH,Peptipedia,GEN (Tier3),0.99951655,-0.8527765,0.99986684
RHR,Peptipedia,GEN (Tier3),0.999298,-0.8558549,0.999821
SALLRSIPA,Peptipedia,GEN (Tier3),0.99955666,-0.8533951,0.99993694
TFE,Peptipedia,GEN (Tier3),0.99951017,-0.8528328,0.9998608
FWG,Peptipedia,GEN (Tier3),0.99937135,-0.85590726,0.9998683
YPWT,Peptipedia,GEN (Tier3),0.9994483,-0.85429305,0.99987596
SEGFEW,Peptipedia,GEN (Tier3),0.99952406,-0.8535988,0.99991584
AYI,Peptipedia,GEN (Tier3),0.9996552,-0.8505372,0.9998734
VFL,Peptipedia,GEN (Tier3),0.99957883,-0.851186,0.99983454
EDVPSER,Peptipedia,GEN (Tier3),0.99959755,-0.8523085,0.9999207
IDLAY,Peptipedia,GEN (Tier3),0.999499,-0.8546066,0.9999339
IAYKPAG,Peptipedia,GEN (Tier3),0.99950415,-0.8539624,0.9999126
YPFVEP,Peptipedia,GEN (Tier3),0.99955934,-0.85361844,0.99993205
KGAIG,Peptipedia,GEN (Tier3),0.9995328,-0.8536301,0.99991107
KGALG,Peptipedia,GEN (Tier3),0.99961597,-0.8519628,0.9999109
KGIFG,Peptipedia,GEN (Tier3),0.9995611,-0.853217,0.99991584
KGLFG,Peptipedia,GEN (Tier3),0.99950635,-0.8538497,0.9998999
KGVITQ,Peptipedia,GEN (Tier3),0.99949586,-0.8543111,0.9999142
KHFLA,Peptipedia,GEN (Tier3),0.9996252,-0.8521222,0.99992555
KNILE,Peptipedia,GEN (Tier3),0.999455,-0.85506094,0.99991226
KPKL,Peptipedia,GEN (Tier3),0.99953747,-0.85289073,0.9998856
LLAH,Peptipedia,GEN (Tier3),0.99967945,-0.8507527,0.9999113
NQLDQ,Peptipedia,GEN (Tier3),0.99947584,-0.854184,0.9998991
NSGPLVNP,Peptipedia,GEN (Tier3),0.9996064,-0.8525195,0.9999336
NTGNLLG,Peptipedia,GEN (Tier3),0.9995455,-0.852878,0.9999011
GIGKFLHSAKKFGKAFVGEIMNS,Peptipedia,GEN (Tier3),0.9705756,-0.9105481,0.9752978
ITSISLCTPGCKTGALMGCNMKTATCHCSIHVSK,Peptipedia,GEN (Tier3),0.9988657,-0.85200465,0.9991902
SSMKLSFRARAYGFRGPGPQL,Peptipedia,GEN (Tier3),0.999719,-0.8470161,0.9997522
FFSLIPSLVGGLISAFK,Peptipedia,GEN (Tier3),0.94196784,-0.91059005,0.9480157
FLPMLAGLAANFLPKIICKITKKC,Peptipedia,GEN (Tier3),0.9046416,-0.9309195,0.9133902
GIGTKILGGVKTALKGALKELASTYAN,Peptipedia,GEN (Tier3),0.95777047,-0.9230502,0.9637213
VGALAVVVWLWLWLW,Peptipedia,GEN (Tier3),0.99794483,-0.8525593,0.9983707
FLSGILKLAFKIPSVLCAVLKNC,Peptipedia,GEN (Tier3),0.9457561,-0.9247672,0.9522858
LLY,Peptipedia,GEN (Tier3),0.9995382,-0.85303617,0.99988484
FGF,Peptipedia,GEN (Tier3),0.999172,-0.8577695,0.99978167
FNQLAALNSAAYLQQQQLLPFSQLA,Peptipedia,GEN (Tier3),0.9759716,-0.9103631,0.9803678
QLADVSPAAFLTQQQLLPFYLHAM,Peptipedia,GEN (Tier3),0.9992516,-0.85252875,0.9996058
ANSLLN,Peptipedia,GEN (Tier3),0.99961555,-0.852226,0.9999336
DFYNPKA,Peptipedia,GEN (Tier3),0.9995725,-0.85312,0.9999393
RDPIYS,Peptipedia,GEN (Tier3),0.99951947,-0.85397226,0.99992585
RNPIYS,Peptipedia,GEN (Tier3),0.99952507,-0.8539766,0.9999311
VEGGLS,Peptipedia,GEN (Tier3),0.9996469,-0.8519385,0.9999428
YNLRQ,Peptipedia,GEN (Tier3),0.9994129,-0.8557005,0.99991727
LAFNPTQLEGQCHV,Peptipedia,FRS (Tier1),0.99987036,-0.83769953,0.9994359
NVPGEIVE,Peptipedia,GEN (Tier3),0.9995184,-0.8539877,0.99991864
TVQVTSTAV,Peptipedia,GEN (Tier3),0.99962556,-0.85213864,0.9999281
CARLNCVPKGTSGNTETCPCYASLHSCRKYG,Peptipedia,GEN (Tier3),0.9958153,-0.8735018,0.9973937
LLGDFFRKSKEKIGKEFKRIVQRIKDFLRNLVPRTES,Peptipedia,GEN (Tier3),0.985322,-0.9038032,0.98896015
DFKDWMKTAGEWLKKKGPGILKAAMAAAT,Peptipedia,GEN (Tier3),0.9383572,-0.9385785,0.946012
GWLKKIGKKIERVGQHTRGLGIAQIAANVAATAR,Peptipedia,GEN (Tier3),0.9929403,-0.8864744,0.9953196
FLPGLIKVAVGVGSTILCKITKKC,Peptipedia,GEN (Tier3),0.9299197,-0.92307603,0.9371393
LRIPVA,Peptipedia,GEN (Tier3),0.99943745,-0.8557036,0.99993205
LTPTSN,Peptipedia,GEN (Tier3),0.99961394,-0.8521852,0.9999262
MRWRD,Peptipedia,GEN (Tier3),0.99920225,-0.85713756,0.9997905
KVEGDLK,Peptipedia,GEN (Tier3),0.99949664,-0.8546946,0.9999256
GKDAVIV,Peptipedia,GEN (Tier3),0.99957216,-0.8531667,0.999925
YETGNGIK,Peptipedia,GEN (Tier3),0.99944115,-0.8558388,0.99994737
EEGGSV,Peptipedia,GEN (Tier3),0.9994223,-0.8543283,0.9998568
FLVPPQE,Peptipedia,GEN (Tier3),0.99960893,-0.8522985,0.99992585
FPFPRPPHQ,Peptipedia,GEN (Tier3),0.9995875,-0.852473,0.99991703
GANSLLN,Peptipedia,GEN (Tier3),0.9996392,-0.85167253,0.9999301
GKGIFG,Peptipedia,GEN (Tier3),0.999462,-0.8548829,0.99990714
IPSEVLA,Peptipedia,GEN (Tier3),0.9995346,-0.8538705,0.99992394
IPSEVLS,Peptipedia,GEN (Tier3),0.99963206,-0.85217,0.99992883
LAGNGRSVGVEYV,Peptipedia,FRS (Tier1),0.9998989,-0.8416854,0.9996623
ATQVPLVSSTSEGYTASQPLYQP,Peptipedia,GEN (Tier3),0.99957645,-0.848011,0.9996769
NPADLPDAG,Peptipedia,GEN (Tier3),0.9995475,-0.8533037,0.9999174
TRHNIGFAAVDALARAWNISLA,Peptipedia,GEN (Tier3),0.99814236,-0.86326337,0.99906594
TTTAATS,Peptipedia,GEN (Tier3),0.99892265,-0.8593694,0.9996246
REGAAPGAA,Peptipedia,GEN (Tier3),0.9993177,-0.8566369,0.9998692
SDYLNNNPLFPRYDIGNVELSTAYRSFANQKAPGRLNQNWALTADYTYR,Peptipedia,GEN (Tier3),0.9945598,-0.8800944,0.996523
FLPGLIKAAVGIGSTIFCKISKKC,Peptipedia,GEN (Tier3),0.92632264,-0.92256486,0.9336934
ALWKDILKNAGKAALNEINQLVNQ,Peptipedia,GEN (Tier3),0.9656191,-0.9169829,0.9709195
NKGCATCSIGAACLVDGPIPDFEIAGATGLFGLWG,Peptipedia,GEN (Tier3),0.9970044,-0.86839175,0.9982662
FFGHLFKLATKIIPSLFQ,Peptipedia,GEN (Tier3),0.95235646,-0.91501474,0.9580916
GLWNTIKEAGKKFALNLLDKIRCGIAGGCKG,Peptipedia,GEN (Tier3),0.9425485,-0.93483114,0.94979703
